0.000000000000000000e+00,3.680000000000000000e+02,6.870000000000000000e+02,6.373000000000000000e+03,3.683200000000000000e+04
0.000000000000000000e+00,5.000000000000000000e+00,3.805656358599662781e-02,2.075200676918029785e-01,3.172078868374228477e-03
0.000000000000000000e+00,1.000000000000000000e+01,8.738749474287033081e-02,3.675431013107299805e-01,9.248118847608566284e-02
0.000000000000000000e+00,1.500000000000000000e+01,1.597413420677185059e-01,3.874137401580810547e-01,1.788955479860305786e-01
0.000000000000000000e+00,2.000000000000000000e+01,2.250826656818389893e-01,3.884407579898834229e-01,2.610465586185455322e-01
0.000000000000000000e+00,2.500000000000000000e+01,2.654331922531127930e-01,3.834006488323211670e-01,3.230941593647003174e-01
0.000000000000000000e+00,3.000000000000000000e+01,2.700089812278747559e-01,3.368940055370330811e-01,3.197201788425445557e-01
0.000000000000000000e+00,3.500000000000000000e+01,2.767529487609863281e-01,3.077466189861297607e-01,3.178521692752838135e-01
0.000000000000000000e+00,4.000000000000000000e+01,2.924233376979827881e-01,2.784409523010253906e-01,3.343027830123901367e-01
0.000000000000000000e+00,4.500000000000000000e+01,2.805744409561157227e-01,2.452498525381088257e-01,3.198738694190979004e-01
0.000000000000000000e+00,5.000000000000000000e+01,2.932706177234649658e-01,2.377729117870330811e-01,3.342303335666656494e-01
0.000000000000000000e+00,5.500000000000000000e+01,3.006545901298522949e-01,2.270197272300720215e-01,3.424028158187866211e-01
0.000000000000000000e+00,6.000000000000000000e+01,3.121672868728637695e-01,2.228459864854812622e-01,3.558848202228546143e-01
0.000000000000000000e+00,6.500000000000000000e+01,3.077130019664764404e-01,2.205381691455841064e-01,3.548046350479125977e-01
0.000000000000000000e+00,7.000000000000000000e+01,3.043786883354187012e-01,2.184587568044662476e-01,3.571013510227203369e-01
0.000000000000000000e+00,7.500000000000000000e+01,2.965342700481414795e-01,2.178688496351242065e-01,3.567057251930236816e-01
0.000000000000000000e+00,8.000000000000000000e+01,2.969538867473602295e-01,2.174184322357177734e-01,3.589457571506500244e-01
0.000000000000000000e+00,8.500000000000000000e+01,2.980993986129760742e-01,2.226488888263702393e-01,3.596837818622589111e-01
0.000000000000000000e+00,9.000000000000000000e+01,2.897603809833526611e-01,2.223912924528121948e-01,3.548633158206939697e-01
0.000000000000000000e+00,9.500000000000000000e+01,2.813817262649536133e-01,2.200618833303451538e-01,3.479512929916381836e-01
0.000000000000000000e+00,1.000000000000000000e+02,2.740094065666198730e-01,2.194757610559463501e-01,3.379313349723815918e-01
0.000000000000000000e+00,1.050000000000000000e+02,2.782290279865264893e-01,2.239977270364761353e-01,3.378542363643646240e-01
0.000000000000000000e+00,5.000000000000000000e+00,4.708179458975791931e-02,2.094853520393371582e-01,3.911675885319709778e-03
0.000000000000000000e+00,1.000000000000000000e+01,9.573842585086822510e-02,3.827678859233856201e-01,9.674447029829025269e-02
0.000000000000000000e+00,1.500000000000000000e+01,1.748414635658264160e-01,3.883198499679565430e-01,1.861377507448196411e-01
0.000000000000000000e+00,2.000000000000000000e+01,2.254037559032440186e-01,3.896296918392181396e-01,2.569333314895629883e-01
0.000000000000000000e+00,2.500000000000000000e+01,2.608177959918975830e-01,3.750543594360351562e-01,3.179101943969726562e-01
0.000000000000000000e+00,3.000000000000000000e+01,2.760131657123565674e-01,3.372214138507843018e-01,3.242090344429016113e-01
0.000000000000000000e+00,3.500000000000000000e+01,2.737821042537689209e-01,3.008204698562622070e-01,3.171927928924560547e-01
0.000000000000000000e+00,4.000000000000000000e+01,2.869899570941925049e-01,2.728606164455413818e-01,3.295859694480895996e-01
0.000000000000000000e+00,4.500000000000000000e+01,2.914139032363891602e-01,2.464251369237899780e-01,3.225596845149993896e-01
0.000000000000000000e+00,5.000000000000000000e+01,2.893868088722229004e-01,2.315105795860290527e-01,3.280388116836547852e-01
0.000000000000000000e+00,5.500000000000000000e+01,2.960624396800994873e-01,2.232032269239425659e-01,3.378252387046813965e-01
0.000000000000000000e+00,6.000000000000000000e+01,3.099986612796783447e-01,2.198033630847930908e-01,3.521156311035156250e-01
0.000000000000000000e+00,6.500000000000000000e+01,3.047860860824584961e-01,2.176667302846908569e-01,3.544524013996124268e-01
0.000000000000000000e+00,7.000000000000000000e+01,3.030531406402587891e-01,2.139283865690231323e-01,3.545839488506317139e-01
0.000000000000000000e+00,7.500000000000000000e+01,2.955526411533355713e-01,2.151232063770294189e-01,3.546787202358245850e-01
0.000000000000000000e+00,8.000000000000000000e+01,2.948449254035949707e-01,2.131831049919128418e-01,3.561421632766723633e-01
0.000000000000000000e+00,8.500000000000000000e+01,2.959610223770141602e-01,2.176225930452346802e-01,3.564840853214263916e-01
0.000000000000000000e+00,9.000000000000000000e+01,2.885954380035400391e-01,2.172204405069351196e-01,3.542854785919189453e-01
0.000000000000000000e+00,9.500000000000000000e+01,2.815742492675781250e-01,2.159827500581741333e-01,3.478780984878540039e-01
0.000000000000000000e+00,1.000000000000000000e+02,2.764073610305786133e-01,2.177440077066421509e-01,3.382153511047363281e-01
0.000000000000000000e+00,1.050000000000000000e+02,2.777647078037261963e-01,2.228613942861557007e-01,3.373360037803649902e-01
0.000000000000000000e+00,5.000000000000000000e+00,1.629483997821807861e-01,6.581772565841674805e-01,4.998608957976102829e-03
0.000000000000000000e+00,1.000000000000000000e+01,1.926385909318923950e-01,5.106656551361083984e-01,1.166996136307716370e-01
0.000000000000000000e+00,1.500000000000000000e+01,2.006602883338928223e-01,4.072051644325256348e-01,1.610703021287918091e-01
0.000000000000000000e+00,2.000000000000000000e+01,2.040693610906600952e-01,3.717900216579437256e-01,2.333574593067169189e-01
0.000000000000000000e+00,2.500000000000000000e+01,2.404112368822097778e-01,3.606985807418823242e-01,2.923034131526947021e-01
0.000000000000000000e+00,3.000000000000000000e+01,3.241522312164306641e-01,3.700277209281921387e-01,3.527289628982543945e-01
0.000000000000000000e+00,3.500000000000000000e+01,3.458731174468994141e-01,3.481717407703399658e-01,3.767504990100860596e-01
0.000000000000000000e+00,4.000000000000000000e+01,3.530572354793548584e-01,3.171592652797698975e-01,3.736445605754852295e-01
0.000000000000000000e+00,4.500000000000000000e+01,3.504559695720672607e-01,2.999006807804107666e-01,3.669574856758117676e-01
0.000000000000000000e+00,5.000000000000000000e+01,3.513696491718292236e-01,2.882655560970306396e-01,3.701926767826080322e-01
0.000000000000000000e+00,5.500000000000000000e+01,3.442316055297851562e-01,2.823933362960815430e-01,3.754904568195343018e-01
0.000000000000000000e+00,6.000000000000000000e+01,3.450808525085449219e-01,2.801665663719177246e-01,3.757761716842651367e-01
0.000000000000000000e+00,6.500000000000000000e+01,3.409137725830078125e-01,2.771955132484436035e-01,3.824823796749114990e-01
0.000000000000000000e+00,7.000000000000000000e+01,3.405736684799194336e-01,2.751207053661346436e-01,3.863377869129180908e-01
0.000000000000000000e+00,7.500000000000000000e+01,3.358302712440490723e-01,2.766311764717102051e-01,3.910808563232421875e-01
0.000000000000000000e+00,8.000000000000000000e+01,3.399850130081176758e-01,2.791020572185516357e-01,3.945283293724060059e-01
0.000000000000000000e+00,8.500000000000000000e+01,3.404817581176757812e-01,2.850900888442993164e-01,4.011772871017456055e-01
0.000000000000000000e+00,9.000000000000000000e+01,3.425221145153045654e-01,2.875426709651947021e-01,4.074981808662414551e-01
0.000000000000000000e+00,9.500000000000000000e+01,3.389318287372589111e-01,2.894609868526458740e-01,4.077875316143035889e-01
0.000000000000000000e+00,1.000000000000000000e+02,3.372392058372497559e-01,2.893867194652557373e-01,4.053418934345245361e-01
0.000000000000000000e+00,1.050000000000000000e+02,3.355760276317596436e-01,2.880683243274688721e-01,4.022707045078277588e-01
0.000000000000000000e+00,5.000000000000000000e+00,7.190078496932983398e-02,4.300492405891418457e-01,4.718455020338296890e-03
0.000000000000000000e+00,1.000000000000000000e+01,1.335093080997467041e-01,4.202007949352264404e-01,8.305235952138900757e-02
0.000000000000000000e+00,1.500000000000000000e+01,1.258119046688079834e-01,3.354800045490264893e-01,1.100804582238197327e-01
0.000000000000000000e+00,2.000000000000000000e+01,1.268944144248962402e-01,2.797374725341796875e-01,1.467828303575515747e-01
0.000000000000000000e+00,2.500000000000000000e+01,1.606471091508865356e-01,2.570489645004272461e-01,1.915982067584991455e-01
0.000000000000000000e+00,3.000000000000000000e+01,2.178004682064056396e-01,2.675383985042572021e-01,2.428842633962631226e-01
0.000000000000000000e+00,3.500000000000000000e+01,2.591979503631591797e-01,2.765878736972808838e-01,2.752070724964141846e-01
0.000000000000000000e+00,4.000000000000000000e+01,2.808625996112823486e-01,2.713240385055541992e-01,3.036845922470092773e-01
0.000000000000000000e+00,4.500000000000000000e+01,2.811482250690460205e-01,2.551798820495605469e-01,3.048759400844573975e-01
0.000000000000000000e+00,5.000000000000000000e+01,2.827882468700408936e-01,2.444664239883422852e-01,3.149684369564056396e-01
0.000000000000000000e+00,5.500000000000000000e+01,2.884311676025390625e-01,2.430214285850524902e-01,3.245081007480621338e-01
0.000000000000000000e+00,6.000000000000000000e+01,2.846296429634094238e-01,2.382843941450119019e-01,3.226647377014160156e-01
0.000000000000000000e+00,6.500000000000000000e+01,2.900450527667999268e-01,2.369113862514495850e-01,3.364566862583160400e-01
0.000000000000000000e+00,7.000000000000000000e+01,2.906715869903564453e-01,2.277856618165969849e-01,3.378217816352844238e-01
0.000000000000000000e+00,7.500000000000000000e+01,2.898267209529876709e-01,2.239587008953094482e-01,3.410295248031616211e-01
0.000000000000000000e+00,8.000000000000000000e+01,2.894698977470397949e-01,2.205342799425125122e-01,3.375065326690673828e-01
0.000000000000000000e+00,8.500000000000000000e+01,2.825942039489746094e-01,2.163627296686172485e-01,3.355836570262908936e-01
0.000000000000000000e+00,9.000000000000000000e+01,2.839003205299377441e-01,2.174105495214462280e-01,3.367939591407775879e-01
0.000000000000000000e+00,9.500000000000000000e+01,2.838644385337829590e-01,2.220976054668426514e-01,3.387355208396911621e-01
0.000000000000000000e+00,1.000000000000000000e+02,2.835933566093444824e-01,2.251027822494506836e-01,3.373214006423950195e-01
0.000000000000000000e+00,1.050000000000000000e+02,2.822556197643280029e-01,2.277782410383224487e-01,3.381772041320800781e-01
0.000000000000000000e+00,5.000000000000000000e+00,1.344089657068252563e-01,3.487637639045715332e-01,5.097534507513046265e-03
0.000000000000000000e+00,1.000000000000000000e+01,1.704164147377014160e-01,3.844307363033294678e-01,7.423508912324905396e-02
0.000000000000000000e+00,1.500000000000000000e+01,1.926252841949462891e-01,3.732914626598358154e-01,1.642351895570755005e-01
0.000000000000000000e+00,2.000000000000000000e+01,1.876005679368972778e-01,3.375890254974365234e-01,2.386949062347412109e-01
0.000000000000000000e+00,2.500000000000000000e+01,2.309311330318450928e-01,3.407662212848663330e-01,3.026897013187408447e-01
0.000000000000000000e+00,3.000000000000000000e+01,2.962763607501983643e-01,3.373609483242034912e-01,3.371898829936981201e-01
0.000000000000000000e+00,3.500000000000000000e+01,3.269430696964263916e-01,3.255488872528076172e-01,3.529226481914520264e-01
0.000000000000000000e+00,4.000000000000000000e+01,3.584766387939453125e-01,3.243866860866546631e-01,3.745018839836120605e-01
0.000000000000000000e+00,4.500000000000000000e+01,3.693956136703491211e-01,3.220612704753875732e-01,3.881326317787170410e-01
0.000000000000000000e+00,5.000000000000000000e+01,3.778380751609802246e-01,3.179855346679687500e-01,4.093410372734069824e-01
0.000000000000000000e+00,5.500000000000000000e+01,3.820104002952575684e-01,3.140457868576049805e-01,4.224262833595275879e-01
0.000000000000000000e+00,6.000000000000000000e+01,3.710117042064666748e-01,3.033662140369415283e-01,4.219275414943695068e-01
0.000000000000000000e+00,6.500000000000000000e+01,3.760026395320892334e-01,3.041488230228424072e-01,4.301995337009429932e-01
0.000000000000000000e+00,7.000000000000000000e+01,3.712787330150604248e-01,3.029337823390960693e-01,4.280006885528564453e-01
0.000000000000000000e+00,7.500000000000000000e+01,3.675207197666168213e-01,3.023472726345062256e-01,4.325766563415527344e-01
0.000000000000000000e+00,8.000000000000000000e+01,3.597222864627838135e-01,2.962512373924255371e-01,4.282958507537841797e-01
0.000000000000000000e+00,8.500000000000000000e+01,3.524481058120727539e-01,2.915714383125305176e-01,4.225288927555084229e-01
0.000000000000000000e+00,9.000000000000000000e+01,3.393747210502624512e-01,2.833485901355743408e-01,4.151448309421539307e-01
0.000000000000000000e+00,9.500000000000000000e+01,3.293150067329406738e-01,2.781223058700561523e-01,4.060216844081878662e-01
0.000000000000000000e+00,1.000000000000000000e+02,3.176492154598236084e-01,2.713274955749511719e-01,3.936806321144104004e-01
0.000000000000000000e+00,1.050000000000000000e+02,3.071955144405364990e-01,2.687299549579620361e-01,3.819088637828826904e-01
0.000000000000000000e+00,5.000000000000000000e+00,3.833400085568428040e-02,1.565870791673660278e-01,2.055709948763251305e-03
0.000000000000000000e+00,1.000000000000000000e+01,7.460846006870269775e-02,1.977275013923645020e-01,6.679026782512664795e-02
0.000000000000000000e+00,1.500000000000000000e+01,1.052721068263053894e-01,2.126102596521377563e-01,1.247914806008338928e-01
0.000000000000000000e+00,2.000000000000000000e+01,1.300161331892013550e-01,2.291504591703414917e-01,1.994252949953079224e-01
0.000000000000000000e+00,2.500000000000000000e+01,1.768259257078170776e-01,2.451640069484710693e-01,2.478714883327484131e-01
0.000000000000000000e+00,3.000000000000000000e+01,2.374755740165710449e-01,2.666447460651397705e-01,2.979966402053833008e-01
0.000000000000000000e+00,3.500000000000000000e+01,2.975329458713531494e-01,2.818506360054016113e-01,3.455754518508911133e-01
0.000000000000000000e+00,4.000000000000000000e+01,3.120428025722503662e-01,2.799396216869354248e-01,3.675130605697631836e-01
0.000000000000000000e+00,4.500000000000000000e+01,3.218830525875091553e-01,2.810231149196624756e-01,3.757584989070892334e-01
0.000000000000000000e+00,5.000000000000000000e+01,3.204608261585235596e-01,2.744492888450622559e-01,3.740746676921844482e-01
0.000000000000000000e+00,5.500000000000000000e+01,3.159990906715393066e-01,2.636936902999877930e-01,3.781473636627197266e-01
0.000000000000000000e+00,6.000000000000000000e+01,3.101587295532226562e-01,2.574582993984222412e-01,3.717544078826904297e-01
0.000000000000000000e+00,6.500000000000000000e+01,3.018568158149719238e-01,2.494330555200576782e-01,3.655778467655181885e-01
0.000000000000000000e+00,7.000000000000000000e+01,2.988216578960418701e-01,2.405008822679519653e-01,3.561488687992095947e-01
0.000000000000000000e+00,7.500000000000000000e+01,2.941196262836456299e-01,2.364034503698348999e-01,3.529840707778930664e-01
0.000000000000000000e+00,8.000000000000000000e+01,2.928758859634399414e-01,2.319946736097335815e-01,3.439547419548034668e-01
0.000000000000000000e+00,8.500000000000000000e+01,2.902301251888275146e-01,2.322889566421508789e-01,3.451723754405975342e-01
0.000000000000000000e+00,9.000000000000000000e+01,2.875520586967468262e-01,2.275407761335372925e-01,3.415324389934539795e-01
0.000000000000000000e+00,9.500000000000000000e+01,2.814538180828094482e-01,2.283770889043807983e-01,3.366324305534362793e-01
0.000000000000000000e+00,1.000000000000000000e+02,2.741535007953643799e-01,2.250142693519592285e-01,3.312272429466247559e-01
0.000000000000000000e+00,1.050000000000000000e+02,2.678867578506469727e-01,2.234856784343719482e-01,3.217499554157257080e-01
0.000000000000000000e+00,5.000000000000000000e+00,1.589642167091369629e-01,6.229654550552368164e-01,6.617869716137647629e-03
0.000000000000000000e+00,1.000000000000000000e+01,2.072262763977050781e-01,5.281131267547607422e-01,1.202038526535034180e-01
0.000000000000000000e+00,1.500000000000000000e+01,2.156582176685333252e-01,4.238581359386444092e-01,1.611642688512802124e-01
0.000000000000000000e+00,2.000000000000000000e+01,2.113107293844223022e-01,3.746433854103088379e-01,2.210746407508850098e-01
0.000000000000000000e+00,2.500000000000000000e+01,2.453639209270477295e-01,3.740760684013366699e-01,2.966579794883728027e-01
0.000000000000000000e+00,3.000000000000000000e+01,3.109117746353149414e-01,3.667490780353546143e-01,3.418047428131103516e-01
0.000000000000000000e+00,3.500000000000000000e+01,3.403224647045135498e-01,3.437264561653137207e-01,3.660834431648254395e-01
0.000000000000000000e+00,4.000000000000000000e+01,3.533329665660858154e-01,3.185490965843200684e-01,3.716016113758087158e-01
0.000000000000000000e+00,4.500000000000000000e+01,3.449454903602600098e-01,2.939158082008361816e-01,3.583180606365203857e-01
0.000000000000000000e+00,5.000000000000000000e+01,3.476970791816711426e-01,2.827119231224060059e-01,3.624957203865051270e-01
0.000000000000000000e+00,5.500000000000000000e+01,3.433492779731750488e-01,2.767610251903533936e-01,3.680886626243591309e-01
0.000000000000000000e+00,6.000000000000000000e+01,3.330529332160949707e-01,2.699113786220550537e-01,3.650507032871246338e-01
0.000000000000000000e+00,6.500000000000000000e+01,3.354552388191223145e-01,2.736022174358367920e-01,3.766002357006072998e-01
0.000000000000000000e+00,7.000000000000000000e+01,3.313857614994049072e-01,2.682638168334960938e-01,3.757740259170532227e-01
0.000000000000000000e+00,7.500000000000000000e+01,3.298206329345703125e-01,2.689205706119537354e-01,3.819514811038970947e-01
0.000000000000000000e+00,8.000000000000000000e+01,3.319427371025085449e-01,2.719537615776062012e-01,3.892956078052520752e-01
0.000000000000000000e+00,8.500000000000000000e+01,3.326271176338195801e-01,2.748786509037017822e-01,3.940376937389373779e-01
0.000000000000000000e+00,9.000000000000000000e+01,3.326493203639984131e-01,2.784473896026611328e-01,3.968431353569030762e-01
0.000000000000000000e+00,9.500000000000000000e+01,3.326388001441955566e-01,2.818273007869720459e-01,3.998049497604370117e-01
0.000000000000000000e+00,1.000000000000000000e+02,3.332297801971435547e-01,2.866688966751098633e-01,4.024910032749176025e-01
0.000000000000000000e+00,1.050000000000000000e+02,3.325934410095214844e-01,2.887109816074371338e-01,4.029756486415863037e-01
0.000000000000000000e+00,5.000000000000000000e+00,5.847075954079627991e-02,4.266852140426635742e-01,3.935040440410375595e-03
0.000000000000000000e+00,1.000000000000000000e+01,1.087900772690773010e-01,4.038305580615997314e-01,7.986376434564590454e-02
0.000000000000000000e+00,1.500000000000000000e+01,1.243867352604866028e-01,3.390439152717590332e-01,1.110501810908317566e-01
0.000000000000000000e+00,2.000000000000000000e+01,1.300068944692611694e-01,2.808875441551208496e-01,1.506665647029876709e-01
0.000000000000000000e+00,2.500000000000000000e+01,1.586171537637710571e-01,2.601216733455657959e-01,1.883396208286285400e-01
0.000000000000000000e+00,3.000000000000000000e+01,2.146398425102233887e-01,2.696020901203155518e-01,2.411072552204132080e-01
0.000000000000000000e+00,3.500000000000000000e+01,2.581892013549804688e-01,2.805219292640686035e-01,2.741383612155914307e-01
0.000000000000000000e+00,4.000000000000000000e+01,2.755273878574371338e-01,2.739855051040649414e-01,3.052317500114440918e-01
0.000000000000000000e+00,4.500000000000000000e+01,2.802824974060058594e-01,2.587660551071166992e-01,3.109079003334045410e-01
0.000000000000000000e+00,5.000000000000000000e+01,2.814287543296813965e-01,2.463172525167465210e-01,3.126535713672637939e-01
0.000000000000000000e+00,5.500000000000000000e+01,2.876801490783691406e-01,2.449572980403900146e-01,3.238194286823272705e-01
0.000000000000000000e+00,6.000000000000000000e+01,2.790141999721527100e-01,2.381714433431625366e-01,3.222417831420898438e-01
0.000000000000000000e+00,6.500000000000000000e+01,2.835470438003540039e-01,2.361483424901962280e-01,3.297292590141296387e-01
0.000000000000000000e+00,7.000000000000000000e+01,2.888552546501159668e-01,2.330121248960494995e-01,3.361295461654663086e-01
0.000000000000000000e+00,7.500000000000000000e+01,2.892665565013885498e-01,2.270273715257644653e-01,3.418468832969665527e-01
0.000000000000000000e+00,8.000000000000000000e+01,2.856269478797912598e-01,2.204179763793945312e-01,3.379906415939331055e-01
0.000000000000000000e+00,8.500000000000000000e+01,2.830231487751007080e-01,2.191362529993057251e-01,3.385572433471679688e-01
0.000000000000000000e+00,9.000000000000000000e+01,2.819871604442596436e-01,2.158993333578109741e-01,3.376314342021942139e-01
0.000000000000000000e+00,9.500000000000000000e+01,2.793259322643280029e-01,2.143996953964233398e-01,3.370121717453002930e-01
0.000000000000000000e+00,1.000000000000000000e+02,2.807172834873199463e-01,2.186458259820938110e-01,3.387469947338104248e-01
0.000000000000000000e+00,1.050000000000000000e+02,2.807644903659820557e-01,2.223665118217468262e-01,3.384266197681427002e-01
1.000000000000000000e+00,5.000000000000000000e+00,1.562026888132095337e-01,3.877765536308288574e-01,8.845539763569831848e-03
1.000000000000000000e+00,1.000000000000000000e+01,2.129752933979034424e-01,5.231122374534606934e-01,1.428798437118530273e-01
1.000000000000000000e+00,1.500000000000000000e+01,2.852490544319152832e-01,4.867758154869079590e-01,2.253831028938293457e-01
1.000000000000000000e+00,2.000000000000000000e+01,3.560967147350311279e-01,5.100865960121154785e-01,3.328282833099365234e-01
1.000000000000000000e+00,2.500000000000000000e+01,4.215217232704162598e-01,5.181192755699157715e-01,4.135218858718872070e-01
1.000000000000000000e+00,3.000000000000000000e+01,5.098466277122497559e-01,5.417010784149169922e-01,4.824516475200653076e-01
1.000000000000000000e+00,3.500000000000000000e+01,5.671333670616149902e-01,5.436967015266418457e-01,5.316817760467529297e-01
1.000000000000000000e+00,4.000000000000000000e+01,5.920860767364501953e-01,5.434162020683288574e-01,5.703446865081787109e-01
1.000000000000000000e+00,4.500000000000000000e+01,6.017757058143615723e-01,5.322163701057434082e-01,5.935175418853759766e-01
1.000000000000000000e+00,5.000000000000000000e+01,6.100271940231323242e-01,5.235743522644042969e-01,6.211851239204406738e-01
1.000000000000000000e+00,5.500000000000000000e+01,6.147297620773315430e-01,5.115516185760498047e-01,6.461167335510253906e-01
1.000000000000000000e+00,6.000000000000000000e+01,6.193665266036987305e-01,5.065479874610900879e-01,6.629351377487182617e-01
1.000000000000000000e+00,6.500000000000000000e+01,6.125370860099792480e-01,4.902084171772003174e-01,6.731133460998535156e-01
1.000000000000000000e+00,7.000000000000000000e+01,6.027599573135375977e-01,4.795399010181427002e-01,6.816996335983276367e-01
1.000000000000000000e+00,7.500000000000000000e+01,5.984123945236206055e-01,4.714611768722534180e-01,6.877167820930480957e-01
1.000000000000000000e+00,8.000000000000000000e+01,5.946361422538757324e-01,4.763114452362060547e-01,6.968462467193603516e-01
1.000000000000000000e+00,8.500000000000000000e+01,5.880146026611328125e-01,4.697798788547515869e-01,7.021591663360595703e-01
1.000000000000000000e+00,9.000000000000000000e+01,5.848618745803833008e-01,4.697704613208770752e-01,7.083609700202941895e-01
1.000000000000000000e+00,9.500000000000000000e+01,5.774379372596740723e-01,4.669458866119384766e-01,7.067496776580810547e-01
1.000000000000000000e+00,1.000000000000000000e+02,5.710060000419616699e-01,4.655587673187255859e-01,7.088893651962280273e-01
1.000000000000000000e+00,1.050000000000000000e+02,5.687785744667053223e-01,4.659191071987152100e-01,7.107734680175781250e-01
1.000000000000000000e+00,5.000000000000000000e+00,1.697406768798828125e-01,4.088763296604156494e-01,1.258010789752006531e-02
1.000000000000000000e+00,1.000000000000000000e+01,2.103906720876693726e-01,5.028322339057922363e-01,1.413349062204360962e-01
1.000000000000000000e+00,1.500000000000000000e+01,2.988598644733428955e-01,4.736714065074920654e-01,2.366199195384979248e-01
1.000000000000000000e+00,2.000000000000000000e+01,3.729001283645629883e-01,4.986788928508758545e-01,3.431089818477630615e-01
1.000000000000000000e+00,2.500000000000000000e+01,4.179922938346862793e-01,5.063138008117675781e-01,4.114117920398712158e-01
1.000000000000000000e+00,3.000000000000000000e+01,4.967315495014190674e-01,5.225016474723815918e-01,4.740302562713623047e-01
1.000000000000000000e+00,3.500000000000000000e+01,5.538151264190673828e-01,5.298252701759338379e-01,5.273084044456481934e-01
1.000000000000000000e+00,4.000000000000000000e+01,5.833548307418823242e-01,5.294594168663024902e-01,5.695579648017883301e-01
1.000000000000000000e+00,4.500000000000000000e+01,5.977863669395446777e-01,5.273628234863281250e-01,5.988091826438903809e-01
1.000000000000000000e+00,5.000000000000000000e+01,6.057099699974060059e-01,5.142758488655090332e-01,6.253697276115417480e-01
1.000000000000000000e+00,5.500000000000000000e+01,6.103367805480957031e-01,5.010085701942443848e-01,6.447156667709350586e-01
1.000000000000000000e+00,6.000000000000000000e+01,6.140717267990112305e-01,4.944383203983306885e-01,6.639767289161682129e-01
1.000000000000000000e+00,6.500000000000000000e+01,6.090270876884460449e-01,4.814914166927337646e-01,6.786032915115356445e-01
1.000000000000000000e+00,7.000000000000000000e+01,6.038506031036376953e-01,4.717686176300048828e-01,6.871320605278015137e-01
1.000000000000000000e+00,7.500000000000000000e+01,5.971217751502990723e-01,4.629650115966796875e-01,6.894279718399047852e-01
1.000000000000000000e+00,8.000000000000000000e+01,5.933951735496520996e-01,4.633842706680297852e-01,6.971895694732666016e-01
1.000000000000000000e+00,8.500000000000000000e+01,5.895892381668090820e-01,4.619590938091278076e-01,7.056076526641845703e-01
1.000000000000000000e+00,9.000000000000000000e+01,5.866609215736389160e-01,4.623869657516479492e-01,7.108161449432373047e-01
1.000000000000000000e+00,9.500000000000000000e+01,5.790727734565734863e-01,4.604350030422210693e-01,7.083343863487243652e-01
1.000000000000000000e+00,1.000000000000000000e+02,5.729168653488159180e-01,4.594533741474151611e-01,7.112137079238891602e-01
1.000000000000000000e+00,1.050000000000000000e+02,5.689486265182495117e-01,4.602977931499481201e-01,7.131117582321166992e-01
1.000000000000000000e+00,5.000000000000000000e+00,1.428200751543045044e-01,3.942085504531860352e-01,3.941454458981752396e-03
1.000000000000000000e+00,1.000000000000000000e+01,2.152381986379623413e-01,5.324331521987915039e-01,1.480079591274261475e-01
1.000000000000000000e+00,1.500000000000000000e+01,3.027864694595336914e-01,5.344350934028625488e-01,2.394116818904876709e-01
1.000000000000000000e+00,2.000000000000000000e+01,3.386694490909576416e-01,4.951977133750915527e-01,3.152916729450225830e-01
1.000000000000000000e+00,2.500000000000000000e+01,4.038365185260772705e-01,5.031693577766418457e-01,3.942648470401763916e-01
1.000000000000000000e+00,3.000000000000000000e+01,4.551568925380706787e-01,4.651376307010650635e-01,4.317645430564880371e-01
1.000000000000000000e+00,3.500000000000000000e+01,4.975527524948120117e-01,4.682600200176239014e-01,4.816584885120391846e-01
1.000000000000000000e+00,4.000000000000000000e+01,5.236050486564636230e-01,4.559182524681091309e-01,5.171972513198852539e-01
1.000000000000000000e+00,4.500000000000000000e+01,5.357507467269897461e-01,4.493241310119628906e-01,5.446636080741882324e-01
1.000000000000000000e+00,5.000000000000000000e+01,5.409315824508666992e-01,4.458343088626861572e-01,5.761737823486328125e-01
1.000000000000000000e+00,5.500000000000000000e+01,5.438384413719177246e-01,4.410152435302734375e-01,5.956172347068786621e-01
1.000000000000000000e+00,6.000000000000000000e+01,5.567950606346130371e-01,4.476771354675292969e-01,6.187483668327331543e-01
1.000000000000000000e+00,6.500000000000000000e+01,5.558531284332275391e-01,4.416481256484985352e-01,6.294496655464172363e-01
1.000000000000000000e+00,7.000000000000000000e+01,5.598250627517700195e-01,4.445502460002899170e-01,6.450390815734863281e-01
1.000000000000000000e+00,7.500000000000000000e+01,5.626465082168579102e-01,4.464393258094787598e-01,6.563862562179565430e-01
1.000000000000000000e+00,8.000000000000000000e+01,5.657286047935485840e-01,4.488554894924163818e-01,6.681938767433166504e-01
1.000000000000000000e+00,8.500000000000000000e+01,5.678308606147766113e-01,4.486224949359893799e-01,6.815193891525268555e-01
1.000000000000000000e+00,9.000000000000000000e+01,5.687925815582275391e-01,4.497789144515991211e-01,6.889314055442810059e-01
1.000000000000000000e+00,9.500000000000000000e+01,5.689422488212585449e-01,4.520350992679595947e-01,6.936285495758056641e-01
1.000000000000000000e+00,1.000000000000000000e+02,5.676211118698120117e-01,4.531538486480712891e-01,7.017458677291870117e-01
1.000000000000000000e+00,1.050000000000000000e+02,5.662539005279541016e-01,4.560945630073547363e-01,7.054674625396728516e-01
1.000000000000000000e+00,5.000000000000000000e+00,7.061886787414550781e-02,5.657293796539306641e-01,4.201977513730525970e-03
1.000000000000000000e+00,1.000000000000000000e+01,1.220256090164184570e-01,5.893217921257019043e-01,1.126045435667037964e-01
1.000000000000000000e+00,1.500000000000000000e+01,2.558719813823699951e-01,5.471804738044738770e-01,2.323137968778610229e-01
1.000000000000000000e+00,2.000000000000000000e+01,2.960121035575866699e-01,4.929611384868621826e-01,3.186053931713104248e-01
1.000000000000000000e+00,2.500000000000000000e+01,3.537157475948333740e-01,4.625774621963500977e-01,3.807691037654876709e-01
1.000000000000000000e+00,3.000000000000000000e+01,4.110321700572967529e-01,4.444498717784881592e-01,4.226843714714050293e-01
1.000000000000000000e+00,3.500000000000000000e+01,4.618542790412902832e-01,4.366740882396697998e-01,4.690502285957336426e-01
1.000000000000000000e+00,4.000000000000000000e+01,4.962329864501953125e-01,4.308347702026367188e-01,5.056101679801940918e-01
1.000000000000000000e+00,4.500000000000000000e+01,5.184117555618286133e-01,4.356164038181304932e-01,5.372998118400573730e-01
1.000000000000000000e+00,5.000000000000000000e+01,5.347062349319458008e-01,4.365598559379577637e-01,5.699936747550964355e-01
1.000000000000000000e+00,5.500000000000000000e+01,5.411818623542785645e-01,4.341858029365539551e-01,5.913022160530090332e-01
1.000000000000000000e+00,6.000000000000000000e+01,5.490172505378723145e-01,4.356301128864288330e-01,6.085245013236999512e-01
1.000000000000000000e+00,6.500000000000000000e+01,5.538671612739562988e-01,4.455460906028747559e-01,6.257941722869873047e-01
1.000000000000000000e+00,7.000000000000000000e+01,5.613114833831787109e-01,4.538262784481048584e-01,6.383707523345947266e-01
1.000000000000000000e+00,7.500000000000000000e+01,5.614942312240600586e-01,4.541549086570739746e-01,6.502455472946166992e-01
1.000000000000000000e+00,8.000000000000000000e+01,5.606849789619445801e-01,4.588612914085388184e-01,6.570591330528259277e-01
1.000000000000000000e+00,8.500000000000000000e+01,5.629634261131286621e-01,4.616844356060028076e-01,6.682860255241394043e-01
1.000000000000000000e+00,9.000000000000000000e+01,5.635898113250732422e-01,4.642427861690521240e-01,6.773920655250549316e-01
1.000000000000000000e+00,9.500000000000000000e+01,5.595512390136718750e-01,4.619925022125244141e-01,6.789963841438293457e-01
1.000000000000000000e+00,1.000000000000000000e+02,5.579963326454162598e-01,4.649145901203155518e-01,6.829892396926879883e-01
1.000000000000000000e+00,1.050000000000000000e+02,5.572397112846374512e-01,4.668757617473602295e-01,6.856666207313537598e-01
1.000000000000000000e+00,5.000000000000000000e+00,1.641014665365219116e-01,3.254680931568145752e-01,5.773724988102912903e-03
1.000000000000000000e+00,1.000000000000000000e+01,2.591017782688140869e-01,5.091651678085327148e-01,1.569254100322723389e-01
1.000000000000000000e+00,1.500000000000000000e+01,3.549640476703643799e-01,5.390836000442504883e-01,2.541361451148986816e-01
1.000000000000000000e+00,2.000000000000000000e+01,4.576565921306610107e-01,5.603846907615661621e-01,3.602992296218872070e-01
1.000000000000000000e+00,2.500000000000000000e+01,5.196044445037841797e-01,5.902979969978332520e-01,4.550021290779113770e-01
1.000000000000000000e+00,3.000000000000000000e+01,5.770714282989501953e-01,5.892922282218933105e-01,5.123290419578552246e-01
1.000000000000000000e+00,3.500000000000000000e+01,5.945386886596679688e-01,5.836062431335449219e-01,5.371118187904357910e-01
1.000000000000000000e+00,4.000000000000000000e+01,6.121957898139953613e-01,5.707674026489257812e-01,5.762956142425537109e-01
1.000000000000000000e+00,4.500000000000000000e+01,6.242887973785400391e-01,5.615371465682983398e-01,6.064314842224121094e-01
1.000000000000000000e+00,5.000000000000000000e+01,6.307861208915710449e-01,5.567179322242736816e-01,6.242344975471496582e-01
1.000000000000000000e+00,5.500000000000000000e+01,6.403877139091491699e-01,5.547581911087036133e-01,6.470186710357666016e-01
1.000000000000000000e+00,6.000000000000000000e+01,6.439191102981567383e-01,5.567368865013122559e-01,6.624422669410705566e-01
1.000000000000000000e+00,6.500000000000000000e+01,6.413244009017944336e-01,5.491935610771179199e-01,6.767891049385070801e-01
1.000000000000000000e+00,7.000000000000000000e+01,6.373333930969238281e-01,5.445078015327453613e-01,6.906042695045471191e-01
1.000000000000000000e+00,7.500000000000000000e+01,6.320133209228515625e-01,5.399060845375061035e-01,7.006715536117553711e-01
1.000000000000000000e+00,8.000000000000000000e+01,6.249865889549255371e-01,5.369451642036437988e-01,7.081391215324401855e-01
1.000000000000000000e+00,8.500000000000000000e+01,6.197898983955383301e-01,5.298156738281250000e-01,7.178650498390197754e-01
1.000000000000000000e+00,9.000000000000000000e+01,6.236587166786193848e-01,5.302698612213134766e-01,7.288088202476501465e-01
1.000000000000000000e+00,9.500000000000000000e+01,6.159586310386657715e-01,5.230247974395751953e-01,7.325237989425659180e-01
1.000000000000000000e+00,1.000000000000000000e+02,6.117182374000549316e-01,5.196872353553771973e-01,7.376242876052856445e-01
1.000000000000000000e+00,1.050000000000000000e+02,6.055581569671630859e-01,5.143975019454956055e-01,7.381177544593811035e-01
1.000000000000000000e+00,5.000000000000000000e+00,4.080114364624023438e-01,6.653692126274108887e-01,1.044517662376165390e-02
1.000000000000000000e+00,1.000000000000000000e+01,3.802464902400970459e-01,6.842454075813293457e-01,1.917041093111038208e-01
1.000000000000000000e+00,1.500000000000000000e+01,4.582515656948089600e-01,6.776699423789978027e-01,2.935711741447448730e-01
1.000000000000000000e+00,2.000000000000000000e+01,5.082368850708007812e-01,6.512779593467712402e-01,4.091179966926574707e-01
1.000000000000000000e+00,2.500000000000000000e+01,5.449574589729309082e-01,6.342424154281616211e-01,4.689183831214904785e-01
1.000000000000000000e+00,3.000000000000000000e+01,5.637736320495605469e-01,5.958026647567749023e-01,5.062969326972961426e-01
1.000000000000000000e+00,3.500000000000000000e+01,5.795080661773681641e-01,5.763822793960571289e-01,5.409231185913085938e-01
1.000000000000000000e+00,4.000000000000000000e+01,6.109232902526855469e-01,5.771391987800598145e-01,5.892213582992553711e-01
1.000000000000000000e+00,4.500000000000000000e+01,6.205025315284729004e-01,5.772341489791870117e-01,6.129993200302124023e-01
1.000000000000000000e+00,5.000000000000000000e+01,6.164123415946960449e-01,5.579590797424316406e-01,6.324028372764587402e-01
1.000000000000000000e+00,5.500000000000000000e+01,6.203996539115905762e-01,5.497625470161437988e-01,6.581255197525024414e-01
1.000000000000000000e+00,6.000000000000000000e+01,6.136217117309570312e-01,5.442176461219787598e-01,6.689279675483703613e-01
1.000000000000000000e+00,6.500000000000000000e+01,6.172330975532531738e-01,5.409872531890869141e-01,6.803764700889587402e-01
1.000000000000000000e+00,7.000000000000000000e+01,6.098896265029907227e-01,5.356600880622863770e-01,6.837528347969055176e-01
1.000000000000000000e+00,7.500000000000000000e+01,6.079778075218200684e-01,5.316312909126281738e-01,6.942524313926696777e-01
1.000000000000000000e+00,8.000000000000000000e+01,6.005768179893493652e-01,5.288804769515991211e-01,6.971894502639770508e-01
1.000000000000000000e+00,8.500000000000000000e+01,5.981168150901794434e-01,5.235080718994140625e-01,7.055876851081848145e-01
1.000000000000000000e+00,9.000000000000000000e+01,5.971766114234924316e-01,5.211639404296875000e-01,7.118961215019226074e-01
1.000000000000000000e+00,9.500000000000000000e+01,5.916399359703063965e-01,5.141730904579162598e-01,7.087206840515136719e-01
1.000000000000000000e+00,1.000000000000000000e+02,5.885107517242431641e-01,5.123909115791320801e-01,7.104883790016174316e-01
1.000000000000000000e+00,1.050000000000000000e+02,5.865262150764465332e-01,5.103594064712524414e-01,7.114902138710021973e-01
1.000000000000000000e+00,5.000000000000000000e+00,1.362646669149398804e-01,3.912062644958496094e-01,5.987073294818401337e-03
1.000000000000000000e+00,1.000000000000000000e+01,2.183568626642227173e-01,5.438137054443359375e-01,1.466538757085800171e-01
1.000000000000000000e+00,1.500000000000000000e+01,3.121876418590545654e-01,5.595046281814575195e-01,2.310541421175003052e-01
1.000000000000000000e+00,2.000000000000000000e+01,3.512959182262420654e-01,5.090318918228149414e-01,3.095938861370086670e-01
1.000000000000000000e+00,2.500000000000000000e+01,4.124023616313934326e-01,5.042473673820495605e-01,3.963499367237091064e-01
1.000000000000000000e+00,3.000000000000000000e+01,4.753943681716918945e-01,4.841893017292022705e-01,4.410246908664703369e-01
1.000000000000000000e+00,3.500000000000000000e+01,5.081262588500976562e-01,4.784331619739532471e-01,4.789191484451293945e-01
1.000000000000000000e+00,4.000000000000000000e+01,5.282472372055053711e-01,4.654584228992462158e-01,5.186277627944946289e-01
1.000000000000000000e+00,4.500000000000000000e+01,5.368233323097229004e-01,4.573111236095428467e-01,5.455192327499389648e-01
1.000000000000000000e+00,5.000000000000000000e+01,5.441057682037353516e-01,4.541678726673126221e-01,5.780559182167053223e-01
1.000000000000000000e+00,5.500000000000000000e+01,5.468587875366210938e-01,4.498521983623504639e-01,5.987754464149475098e-01
1.000000000000000000e+00,6.000000000000000000e+01,5.561303496360778809e-01,4.513379633426666260e-01,6.180038452148437500e-01
1.000000000000000000e+00,6.500000000000000000e+01,5.546911954879760742e-01,4.458132386207580566e-01,6.286771893501281738e-01
1.000000000000000000e+00,7.000000000000000000e+01,5.615050196647644043e-01,4.518020749092102051e-01,6.440280079841613770e-01
1.000000000000000000e+00,7.500000000000000000e+01,5.605296492576599121e-01,4.498880803585052490e-01,6.547907590866088867e-01
1.000000000000000000e+00,8.000000000000000000e+01,5.649285912513732910e-01,4.529315233230590820e-01,6.661958098411560059e-01
1.000000000000000000e+00,8.500000000000000000e+01,5.663248300552368164e-01,4.531483352184295654e-01,6.773282289505004883e-01
1.000000000000000000e+00,9.000000000000000000e+01,5.702782869338989258e-01,4.551039636135101318e-01,6.882832050323486328e-01
1.000000000000000000e+00,9.500000000000000000e+01,5.670067071914672852e-01,4.543967247009277344e-01,6.924695968627929688e-01
1.000000000000000000e+00,1.000000000000000000e+02,5.655211210250854492e-01,4.578488469123840332e-01,6.991732120513916016e-01
1.000000000000000000e+00,1.050000000000000000e+02,5.667846798896789551e-01,4.554868340492248535e-01,7.046988606452941895e-01
1.000000000000000000e+00,5.000000000000000000e+00,6.772097200155258179e-02,5.860092043876647949e-01,3.890523687005043030e-03
1.000000000000000000e+00,1.000000000000000000e+01,1.290497332811355591e-01,5.986888408660888672e-01,1.158313378691673279e-01
1.000000000000000000e+00,1.500000000000000000e+01,2.553552389144897461e-01,5.438528656959533691e-01,2.357250452041625977e-01
1.000000000000000000e+00,2.000000000000000000e+01,3.108398914337158203e-01,5.009663701057434082e-01,3.182677924633026123e-01
1.000000000000000000e+00,2.500000000000000000e+01,3.665839731693267822e-01,4.820877611637115479e-01,3.909009099006652832e-01
1.000000000000000000e+00,3.000000000000000000e+01,4.156352281570434570e-01,4.615542590618133545e-01,4.247896373271942139e-01
1.000000000000000000e+00,3.500000000000000000e+01,4.649778902530670166e-01,4.490021765232086182e-01,4.690928757190704346e-01
1.000000000000000000e+00,4.000000000000000000e+01,4.998811185359954834e-01,4.479728043079376221e-01,5.068069696426391602e-01
1.000000000000000000e+00,4.500000000000000000e+01,5.219715237617492676e-01,4.475857615470886230e-01,5.362727642059326172e-01
1.000000000000000000e+00,5.000000000000000000e+01,5.397039651870727539e-01,4.464135169982910156e-01,5.668538808822631836e-01
1.000000000000000000e+00,5.500000000000000000e+01,5.438792109489440918e-01,4.422658979892730713e-01,5.885561704635620117e-01
1.000000000000000000e+00,6.000000000000000000e+01,5.493196249008178711e-01,4.426883459091186523e-01,6.055498719215393066e-01
1.000000000000000000e+00,6.500000000000000000e+01,5.545159578323364258e-01,4.481137990951538086e-01,6.239104270935058594e-01
1.000000000000000000e+00,7.000000000000000000e+01,5.627354979515075684e-01,4.566015303134918213e-01,6.362848281860351562e-01
1.000000000000000000e+00,7.500000000000000000e+01,5.680546164512634277e-01,4.620361924171447754e-01,6.496170163154602051e-01
1.000000000000000000e+00,8.000000000000000000e+01,5.671804547309875488e-01,4.650993645191192627e-01,6.573507785797119141e-01
1.000000000000000000e+00,8.500000000000000000e+01,5.675522089004516602e-01,4.653664529323577881e-01,6.683077216148376465e-01
1.000000000000000000e+00,9.000000000000000000e+01,5.676040649414062500e-01,4.693296849727630615e-01,6.777560710906982422e-01
1.000000000000000000e+00,9.500000000000000000e+01,5.639929771423339844e-01,4.676182568073272705e-01,6.804140806198120117e-01
1.000000000000000000e+00,1.000000000000000000e+02,5.608922243118286133e-01,4.679816365242004395e-01,6.849495768547058105e-01
1.000000000000000000e+00,1.050000000000000000e+02,5.589334964752197266e-01,4.706546664237976074e-01,6.861425042152404785e-01
2.000000000000000000e+00,5.000000000000000000e+00,7.683644294738769531e-01,2.893389463424682617e-01,1.118649728596210480e-02
2.000000000000000000e+00,1.000000000000000000e+01,8.149361014366149902e-01,3.083826601505279541e-01,8.897627145051956177e-02
2.000000000000000000e+00,1.500000000000000000e+01,7.974839806556701660e-01,3.528578281402587891e-01,2.016869485378265381e-01
2.000000000000000000e+00,2.000000000000000000e+01,7.935068011283874512e-01,3.548969030380249023e-01,2.581053674221038818e-01
2.000000000000000000e+00,2.500000000000000000e+01,8.042179346084594727e-01,3.791665732860565186e-01,3.323203027248382568e-01
2.000000000000000000e+00,3.000000000000000000e+01,8.167402148246765137e-01,4.011706709861755371e-01,3.588617444038391113e-01
2.000000000000000000e+00,3.500000000000000000e+01,8.349896073341369629e-01,4.149285256862640381e-01,3.957351148128509521e-01
2.000000000000000000e+00,4.000000000000000000e+01,8.424457311630249023e-01,4.182050228118896484e-01,4.150511026382446289e-01
2.000000000000000000e+00,4.500000000000000000e+01,8.493260741233825684e-01,4.160645604133605957e-01,4.388782083988189697e-01
2.000000000000000000e+00,5.000000000000000000e+01,8.525385260581970215e-01,4.141861796379089355e-01,4.686248302459716797e-01
2.000000000000000000e+00,5.500000000000000000e+01,8.591179251670837402e-01,4.100136160850524902e-01,4.886357486248016357e-01
2.000000000000000000e+00,6.000000000000000000e+01,8.604376912117004395e-01,4.139552414417266846e-01,5.077708363533020020e-01
2.000000000000000000e+00,6.500000000000000000e+01,8.622475862503051758e-01,4.156391918659210205e-01,5.181117653846740723e-01
2.000000000000000000e+00,7.000000000000000000e+01,8.587846159934997559e-01,4.149448573589324951e-01,5.272973179817199707e-01
2.000000000000000000e+00,7.500000000000000000e+01,8.523569703102111816e-01,4.141042232513427734e-01,5.305768847465515137e-01
2.000000000000000000e+00,8.000000000000000000e+01,8.406455516815185547e-01,4.152339100837707520e-01,5.356512665748596191e-01
2.000000000000000000e+00,8.500000000000000000e+01,8.319687247276306152e-01,4.176008999347686768e-01,5.432884693145751953e-01
2.000000000000000000e+00,9.000000000000000000e+01,8.195394277572631836e-01,4.179109036922454834e-01,5.474445223808288574e-01
2.000000000000000000e+00,9.500000000000000000e+01,8.087366819381713867e-01,4.193919003009796143e-01,5.486856102943420410e-01
2.000000000000000000e+00,1.000000000000000000e+02,7.978233695030212402e-01,4.179771244525909424e-01,5.489893555641174316e-01
2.000000000000000000e+00,1.050000000000000000e+02,7.859627604484558105e-01,4.158895313739776611e-01,5.480547547340393066e-01
2.000000000000000000e+00,5.000000000000000000e+00,6.139750480651855469e-01,4.287991225719451904e-01,5.484499502927064896e-03
2.000000000000000000e+00,1.000000000000000000e+01,7.172443866729736328e-01,4.331908822059631348e-01,1.354520171880722046e-01
2.000000000000000000e+00,1.500000000000000000e+01,7.325018048286437988e-01,3.455354869365692139e-01,2.035795003175735474e-01
2.000000000000000000e+00,2.000000000000000000e+01,7.300050854682922363e-01,3.487507104873657227e-01,2.819221019744873047e-01
2.000000000000000000e+00,2.500000000000000000e+01,7.522352933883666992e-01,3.421638906002044678e-01,3.469332456588745117e-01
2.000000000000000000e+00,3.000000000000000000e+01,7.768960595130920410e-01,3.434492647647857666e-01,3.902603983879089355e-01
2.000000000000000000e+00,3.500000000000000000e+01,8.042718172073364258e-01,3.358890712261199951e-01,4.069840908050537109e-01
2.000000000000000000e+00,4.000000000000000000e+01,8.217751979827880859e-01,3.309220373630523682e-01,4.209462106227874756e-01
2.000000000000000000e+00,4.500000000000000000e+01,8.310829997062683105e-01,3.250584900379180908e-01,4.439988434314727783e-01
2.000000000000000000e+00,5.000000000000000000e+01,8.280556201934814453e-01,3.253242671489715576e-01,4.723240435123443604e-01
2.000000000000000000e+00,5.500000000000000000e+01,8.188884258270263672e-01,3.372036516666412354e-01,4.832045435905456543e-01
2.000000000000000000e+00,6.000000000000000000e+01,8.078557252883911133e-01,3.394379317760467529e-01,4.855908155441284180e-01
2.000000000000000000e+00,6.500000000000000000e+01,8.005281686782836914e-01,3.445533215999603271e-01,4.823596775531768799e-01
2.000000000000000000e+00,7.000000000000000000e+01,7.872959971427917480e-01,3.431369066238403320e-01,4.760288596153259277e-01
2.000000000000000000e+00,7.500000000000000000e+01,7.753236293792724609e-01,3.450601994991302490e-01,4.709199070930480957e-01
2.000000000000000000e+00,8.000000000000000000e+01,7.579169869422912598e-01,3.453586399555206299e-01,4.627177715301513672e-01
2.000000000000000000e+00,8.500000000000000000e+01,7.410742640495300293e-01,3.479955196380615234e-01,4.568646550178527832e-01
2.000000000000000000e+00,9.000000000000000000e+01,7.218260765075683594e-01,3.477827906608581543e-01,4.528549015522003174e-01
2.000000000000000000e+00,9.500000000000000000e+01,7.068677544593811035e-01,3.483550250530242920e-01,4.477488100528717041e-01
2.000000000000000000e+00,1.000000000000000000e+02,6.897069811820983887e-01,3.482955992221832275e-01,4.393777251243591309e-01
2.000000000000000000e+00,1.050000000000000000e+02,6.742280125617980957e-01,3.480867147445678711e-01,4.307565689086914062e-01
2.000000000000000000e+00,5.000000000000000000e+00,5.533596500754356384e-02,1.214782372117042542e-01,8.648993098177015781e-04
2.000000000000000000e+00,1.000000000000000000e+01,1.545119285583496094e-01,1.979851424694061279e-01,5.814694985747337341e-02
2.000000000000000000e+00,1.500000000000000000e+01,2.678506970405578613e-01,2.645351588726043701e-01,1.713796257972717285e-01
2.000000000000000000e+00,2.000000000000000000e+01,3.488118946552276611e-01,3.269154429435729980e-01,2.398210018873214722e-01
2.000000000000000000e+00,2.500000000000000000e+01,4.039811491966247559e-01,3.614417016506195068e-01,2.966163456439971924e-01
2.000000000000000000e+00,3.000000000000000000e+01,4.606715142726898193e-01,3.768830597400665283e-01,3.314006328582763672e-01
2.000000000000000000e+00,3.500000000000000000e+01,4.972202777862548828e-01,3.846890926361083984e-01,3.572973012924194336e-01
2.000000000000000000e+00,4.000000000000000000e+01,5.208616256713867188e-01,3.922063708305358887e-01,3.814946711063385010e-01
2.000000000000000000e+00,4.500000000000000000e+01,5.248919725418090820e-01,3.902339637279510498e-01,3.899997174739837646e-01
2.000000000000000000e+00,5.000000000000000000e+01,5.302169919013977051e-01,3.978410661220550537e-01,4.182296097278594971e-01
2.000000000000000000e+00,5.500000000000000000e+01,5.179108977317810059e-01,4.020562767982482910e-01,4.379127323627471924e-01
2.000000000000000000e+00,6.000000000000000000e+01,5.186724662780761719e-01,4.019029736518859863e-01,4.553009271621704102e-01
2.000000000000000000e+00,6.500000000000000000e+01,5.045779347419738770e-01,3.932371735572814941e-01,4.579967260360717773e-01
2.000000000000000000e+00,7.000000000000000000e+01,4.989250600337982178e-01,3.962231278419494629e-01,4.730175733566284180e-01
2.000000000000000000e+00,7.500000000000000000e+01,4.880653917789459229e-01,3.979066610336303711e-01,4.761675298213958740e-01
2.000000000000000000e+00,8.000000000000000000e+01,4.742498099803924561e-01,3.906987607479095459e-01,4.702593684196472168e-01
2.000000000000000000e+00,8.500000000000000000e+01,4.668580591678619385e-01,3.884033560752868652e-01,4.669070541858673096e-01
2.000000000000000000e+00,9.000000000000000000e+01,4.582934379577636719e-01,3.869193792343139648e-01,4.648967385292053223e-01
2.000000000000000000e+00,9.500000000000000000e+01,4.495759308338165283e-01,3.865558207035064697e-01,4.564085006713867188e-01
2.000000000000000000e+00,1.000000000000000000e+02,4.344149827957153320e-01,3.797722160816192627e-01,4.461148381233215332e-01
2.000000000000000000e+00,1.050000000000000000e+02,4.269119501113891602e-01,3.760185241699218750e-01,4.426004588603973389e-01
2.000000000000000000e+00,5.000000000000000000e+00,1.501741111278533936e-01,2.088279426097869873e-01,7.281516678631305695e-03
2.000000000000000000e+00,1.000000000000000000e+01,2.062681913375854492e-01,3.170889019966125488e-01,1.058487296104431152e-01
2.000000000000000000e+00,1.500000000000000000e+01,3.013502061367034912e-01,3.716997802257537842e-01,2.066807597875595093e-01
2.000000000000000000e+00,2.000000000000000000e+01,3.428832292556762695e-01,3.654492497444152832e-01,2.958469092845916748e-01
2.000000000000000000e+00,2.500000000000000000e+01,3.583111464977264404e-01,3.506830036640167236e-01,3.377031981945037842e-01
2.000000000000000000e+00,3.000000000000000000e+01,3.818486034870147705e-01,3.217193484306335449e-01,3.594700992107391357e-01
2.000000000000000000e+00,3.500000000000000000e+01,4.038245081901550293e-01,3.032587170600891113e-01,3.907067179679870605e-01
2.000000000000000000e+00,4.000000000000000000e+01,4.126325547695159912e-01,2.991735637187957764e-01,4.098163545131683350e-01
2.000000000000000000e+00,4.500000000000000000e+01,4.121248126029968262e-01,2.904896736145019531e-01,4.171712398529052734e-01
2.000000000000000000e+00,5.000000000000000000e+01,4.246100783348083496e-01,2.993834912776947021e-01,4.243009686470031738e-01
2.000000000000000000e+00,5.500000000000000000e+01,4.285208880901336670e-01,3.034359812736511230e-01,4.310053586959838867e-01
2.000000000000000000e+00,6.000000000000000000e+01,4.447655975818634033e-01,3.136632144451141357e-01,4.347970187664031982e-01
2.000000000000000000e+00,6.500000000000000000e+01,4.451390802860260010e-01,3.172449469566345215e-01,4.257285296916961670e-01
2.000000000000000000e+00,7.000000000000000000e+01,4.367444813251495361e-01,3.247431218624114990e-01,4.121600389480590820e-01
2.000000000000000000e+00,7.500000000000000000e+01,4.278246760368347168e-01,3.282810449600219727e-01,3.952755630016326904e-01
2.000000000000000000e+00,8.000000000000000000e+01,4.164529442787170410e-01,3.288291394710540771e-01,3.814641237258911133e-01
2.000000000000000000e+00,8.500000000000000000e+01,4.050010442733764648e-01,3.313904404640197754e-01,3.746520876884460449e-01
2.000000000000000000e+00,9.000000000000000000e+01,3.911862671375274658e-01,3.292698264122009277e-01,3.656579554080963135e-01
2.000000000000000000e+00,9.500000000000000000e+01,3.792883157730102539e-01,3.292257487773895264e-01,3.550846874713897705e-01
2.000000000000000000e+00,1.000000000000000000e+02,3.615909814834594727e-01,3.219806849956512451e-01,3.453856408596038818e-01
2.000000000000000000e+00,1.050000000000000000e+02,3.505959510803222656e-01,3.171131610870361328e-01,3.352165520191192627e-01
2.000000000000000000e+00,5.000000000000000000e+00,2.191986143589019775e-01,2.969263494014739990e-01,6.961316801607608795e-03
2.000000000000000000e+00,1.000000000000000000e+01,2.307053506374359131e-01,2.818644642829895020e-01,7.879513502120971680e-02
2.000000000000000000e+00,1.500000000000000000e+01,3.196930587291717529e-01,3.572714328765869141e-01,1.932828873395919800e-01
2.000000000000000000e+00,2.000000000000000000e+01,3.689210414886474609e-01,3.606235384941101074e-01,2.428627908229827881e-01
2.000000000000000000e+00,2.500000000000000000e+01,3.964662849903106689e-01,3.500978946685791016e-01,3.001511693000793457e-01
2.000000000000000000e+00,3.000000000000000000e+01,4.677314758300781250e-01,3.861364424228668213e-01,3.631821870803833008e-01
2.000000000000000000e+00,3.500000000000000000e+01,5.048305392265319824e-01,3.992877304553985596e-01,4.008305370807647705e-01
2.000000000000000000e+00,4.000000000000000000e+01,5.392792820930480957e-01,4.094782471656799316e-01,4.234448373317718506e-01
2.000000000000000000e+00,4.500000000000000000e+01,5.447586178779602051e-01,4.083525240421295166e-01,4.388702511787414551e-01
2.000000000000000000e+00,5.000000000000000000e+01,5.549295544624328613e-01,4.115615785121917725e-01,4.682954549789428711e-01
2.000000000000000000e+00,5.500000000000000000e+01,5.580865740776062012e-01,4.052962362766265869e-01,4.874132573604583740e-01
2.000000000000000000e+00,6.000000000000000000e+01,5.577890276908874512e-01,4.055863320827484131e-01,5.092467665672302246e-01
2.000000000000000000e+00,6.500000000000000000e+01,5.488060116767883301e-01,4.033860862255096436e-01,5.222290754318237305e-01
2.000000000000000000e+00,7.000000000000000000e+01,5.483694076538085938e-01,4.083617627620697021e-01,5.324830412864685059e-01
2.000000000000000000e+00,7.500000000000000000e+01,5.425390601158142090e-01,4.060438871383666992e-01,5.355501770973205566e-01
2.000000000000000000e+00,8.000000000000000000e+01,5.324891209602355957e-01,4.075137674808502197e-01,5.386664271354675293e-01
2.000000000000000000e+00,8.500000000000000000e+01,5.280106067657470703e-01,4.080101549625396729e-01,5.403149127960205078e-01
2.000000000000000000e+00,9.000000000000000000e+01,5.248053669929504395e-01,4.117680191993713379e-01,5.428859591484069824e-01
2.000000000000000000e+00,9.500000000000000000e+01,5.208708047866821289e-01,4.129947721958160400e-01,5.440545082092285156e-01
2.000000000000000000e+00,1.000000000000000000e+02,5.129520297050476074e-01,4.110448360443115234e-01,5.449208617210388184e-01
2.000000000000000000e+00,1.050000000000000000e+02,5.101380348205566406e-01,4.128029346466064453e-01,5.482621788978576660e-01
2.000000000000000000e+00,5.000000000000000000e+00,4.615553319454193115e-01,5.216625928878784180e-01,4.789251368492841721e-03
2.000000000000000000e+00,1.000000000000000000e+01,3.780591785907745361e-01,4.449625313282012939e-01,1.446360945701599121e-01
2.000000000000000000e+00,1.500000000000000000e+01,3.162273764610290527e-01,3.742410242557525635e-01,1.999581605195999146e-01
2.000000000000000000e+00,2.000000000000000000e+01,3.021145462989807129e-01,3.461478650569915771e-01,2.752655148506164551e-01
2.000000000000000000e+00,2.500000000000000000e+01,3.325050771236419678e-01,3.478239774703979492e-01,3.384449779987335205e-01
2.000000000000000000e+00,3.000000000000000000e+01,3.984653055667877197e-01,3.533340692520141602e-01,3.824418783187866211e-01
2.000000000000000000e+00,3.500000000000000000e+01,4.359453022480010986e-01,3.446464538574218750e-01,4.143720269203186035e-01
2.000000000000000000e+00,4.000000000000000000e+01,4.470685720443725586e-01,3.347774744033813477e-01,4.263731241226196289e-01
2.000000000000000000e+00,4.500000000000000000e+01,4.549154937267303467e-01,3.339709341526031494e-01,4.419364929199218750e-01
2.000000000000000000e+00,5.000000000000000000e+01,4.597411453723907471e-01,3.312476277351379395e-01,4.688568413257598877e-01
2.000000000000000000e+00,5.500000000000000000e+01,4.676337242126464844e-01,3.311725556850433350e-01,4.800322353839874268e-01
2.000000000000000000e+00,6.000000000000000000e+01,4.679998755455017090e-01,3.397962749004364014e-01,4.880636632442474365e-01
2.000000000000000000e+00,6.500000000000000000e+01,4.703059792518615723e-01,3.454152941703796387e-01,4.919279813766479492e-01
2.000000000000000000e+00,7.000000000000000000e+01,4.660256206989288330e-01,3.468277454376220703e-01,4.865191876888275146e-01
2.000000000000000000e+00,7.500000000000000000e+01,4.622076153755187988e-01,3.469753265380859375e-01,4.838431179523468018e-01
2.000000000000000000e+00,8.000000000000000000e+01,4.544410407543182373e-01,3.447825014591217041e-01,4.760496616363525391e-01
2.000000000000000000e+00,8.500000000000000000e+01,4.531703889369964600e-01,3.472836613655090332e-01,4.697940349578857422e-01
2.000000000000000000e+00,9.000000000000000000e+01,4.461878240108489990e-01,3.444941639900207520e-01,4.638668894767761230e-01
2.000000000000000000e+00,9.500000000000000000e+01,4.419664740562438965e-01,3.438927829265594482e-01,4.570848643779754639e-01
2.000000000000000000e+00,1.000000000000000000e+02,4.321782886981964111e-01,3.425670862197875977e-01,4.498474001884460449e-01
2.000000000000000000e+00,1.050000000000000000e+02,4.214088618755340576e-01,3.414210379123687744e-01,4.389533400535583496e-01
2.000000000000000000e+00,5.000000000000000000e+00,6.836875528097152710e-02,6.309571117162704468e-02,1.759695704095065594e-03
2.000000000000000000e+00,1.000000000000000000e+01,1.809840649366378784e-01,2.148400396108627319e-01,6.428709626197814941e-02
2.000000000000000000e+00,1.500000000000000000e+01,2.583414316177368164e-01,2.702162861824035645e-01,1.630592942237854004e-01
2.000000000000000000e+00,2.000000000000000000e+01,3.525753319263458252e-01,3.384413123130798340e-01,2.374645173549652100e-01
2.000000000000000000e+00,2.500000000000000000e+01,4.016792178153991699e-01,3.560682833194732666e-01,2.836190760135650635e-01
2.000000000000000000e+00,3.000000000000000000e+01,4.444863498210906982e-01,3.874405026435852051e-01,3.203569948673248291e-01
2.000000000000000000e+00,3.500000000000000000e+01,4.695988893508911133e-01,3.849415779113769531e-01,3.556832671165466309e-01
2.000000000000000000e+00,4.000000000000000000e+01,5.115479826927185059e-01,3.984647393226623535e-01,3.789321184158325195e-01
2.000000000000000000e+00,4.500000000000000000e+01,5.171363949775695801e-01,3.975802361965179443e-01,3.945007622241973877e-01
2.000000000000000000e+00,5.000000000000000000e+01,5.294070839881896973e-01,4.019570648670196533e-01,4.153080582618713379e-01
2.000000000000000000e+00,5.500000000000000000e+01,5.406867861747741699e-01,4.068174362182617188e-01,4.391445219516754150e-01
2.000000000000000000e+00,6.000000000000000000e+01,5.373315811157226562e-01,4.086744785308837891e-01,4.551892578601837158e-01
2.000000000000000000e+00,6.500000000000000000e+01,5.255799293518066406e-01,4.047017991542816162e-01,4.644908010959625244e-01
2.000000000000000000e+00,7.000000000000000000e+01,5.178593397140502930e-01,4.015540480613708496e-01,4.766308069229125977e-01
2.000000000000000000e+00,7.500000000000000000e+01,5.100414156913757324e-01,4.044559597969055176e-01,4.841467142105102539e-01
2.000000000000000000e+00,8.000000000000000000e+01,5.004997253417968750e-01,3.983075916767120361e-01,4.844592511653900146e-01
2.000000000000000000e+00,8.500000000000000000e+01,4.870455563068389893e-01,3.939751088619232178e-01,4.784267544746398926e-01
2.000000000000000000e+00,9.000000000000000000e+01,4.783226549625396729e-01,3.892718255519866943e-01,4.759219288825988770e-01
2.000000000000000000e+00,9.500000000000000000e+01,4.695656597614288330e-01,3.896931111812591553e-01,4.718290865421295166e-01
2.000000000000000000e+00,1.000000000000000000e+02,4.572333991527557373e-01,3.860844969749450684e-01,4.651476442813873291e-01
2.000000000000000000e+00,1.050000000000000000e+02,4.468827247619628906e-01,3.833629488945007324e-01,4.584001004695892334e-01
2.000000000000000000e+00,5.000000000000000000e+00,1.926411837339401245e-01,2.005099356174468994e-01,2.734000096097588539e-03
2.000000000000000000e+00,1.000000000000000000e+01,2.528963983058929443e-01,3.510834872722625732e-01,1.122885420918464661e-01
2.000000000000000000e+00,1.500000000000000000e+01,3.114029169082641602e-01,4.132477641105651855e-01,1.995748281478881836e-01
2.000000000000000000e+00,2.000000000000000000e+01,3.734661936759948730e-01,4.110413193702697754e-01,2.960721850395202637e-01
2.000000000000000000e+00,2.500000000000000000e+01,3.790036439895629883e-01,3.866858780384063721e-01,3.284088075160980225e-01
2.000000000000000000e+00,3.000000000000000000e+01,4.014230668544769287e-01,3.544101119041442871e-01,3.569070696830749512e-01
2.000000000000000000e+00,3.500000000000000000e+01,4.244627952575683594e-01,3.377162218093872070e-01,3.921717703342437744e-01
2.000000000000000000e+00,4.000000000000000000e+01,4.288621246814727783e-01,3.287005722522735596e-01,4.115651845932006836e-01
2.000000000000000000e+00,4.500000000000000000e+01,4.235042631626129150e-01,3.095010519027709961e-01,4.190582036972045898e-01
2.000000000000000000e+00,5.000000000000000000e+01,4.219163656234741211e-01,3.075951039791107178e-01,4.213148951530456543e-01
2.000000000000000000e+00,5.500000000000000000e+01,4.340039193630218506e-01,3.145864605903625488e-01,4.264555275440216064e-01
2.000000000000000000e+00,6.000000000000000000e+01,4.397125244140625000e-01,3.148029148578643799e-01,4.273915588855743408e-01
2.000000000000000000e+00,6.500000000000000000e+01,4.403968453407287598e-01,3.171680867671966553e-01,4.272667765617370605e-01
2.000000000000000000e+00,7.000000000000000000e+01,4.399019479751586914e-01,3.221577405929565430e-01,4.268591403961181641e-01
2.000000000000000000e+00,7.500000000000000000e+01,4.339021742343902588e-01,3.251785933971405029e-01,4.152494668960571289e-01
2.000000000000000000e+00,8.000000000000000000e+01,4.246120750904083252e-01,3.261626064777374268e-01,4.008722603321075439e-01
2.000000000000000000e+00,8.500000000000000000e+01,4.190534055233001709e-01,3.328821361064910889e-01,3.932117819786071777e-01
2.000000000000000000e+00,9.000000000000000000e+01,4.098335504531860352e-01,3.346150815486907959e-01,3.869794011116027832e-01
2.000000000000000000e+00,9.500000000000000000e+01,4.019852578639984131e-01,3.364102840423583984e-01,3.782437741756439209e-01
2.000000000000000000e+00,1.000000000000000000e+02,3.911084532737731934e-01,3.338229656219482422e-01,3.712181448936462402e-01
2.000000000000000000e+00,1.050000000000000000e+02,3.789737522602081299e-01,3.310003578662872314e-01,3.624504506587982178e-01
3.000000000000000000e+00,5.000000000000000000e+00,5.268052220344543457e-01,4.450352191925048828e-01,8.151479996740818024e-03
3.000000000000000000e+00,1.000000000000000000e+01,6.599831581115722656e-01,4.017288386821746826e-01,1.254490464925765991e-01
3.000000000000000000e+00,1.500000000000000000e+01,7.199735641479492188e-01,4.116543233394622803e-01,2.333584874868392944e-01
3.000000000000000000e+00,2.000000000000000000e+01,7.837913036346435547e-01,3.902533948421478271e-01,3.010480701923370361e-01
3.000000000000000000e+00,2.500000000000000000e+01,8.247876167297363281e-01,3.985857963562011719e-01,3.648882508277893066e-01
3.000000000000000000e+00,3.000000000000000000e+01,8.680661320686340332e-01,4.081852436065673828e-01,4.156711995601654053e-01
3.000000000000000000e+00,3.500000000000000000e+01,8.813002705574035645e-01,4.036733508110046387e-01,4.525193572044372559e-01
3.000000000000000000e+00,4.000000000000000000e+01,8.886188864707946777e-01,3.904393315315246582e-01,4.746118485927581787e-01
3.000000000000000000e+00,4.500000000000000000e+01,8.944734930992126465e-01,3.790751397609710693e-01,4.839985370635986328e-01
3.000000000000000000e+00,5.000000000000000000e+01,8.815406560897827148e-01,3.674571812152862549e-01,4.941070675849914551e-01
3.000000000000000000e+00,5.500000000000000000e+01,8.675066232681274414e-01,3.629874289035797119e-01,5.109488368034362793e-01
3.000000000000000000e+00,6.000000000000000000e+01,8.606475591659545898e-01,3.648445308208465576e-01,5.274882912635803223e-01
3.000000000000000000e+00,6.500000000000000000e+01,8.504573106765747070e-01,3.757203519344329834e-01,5.437459349632263184e-01
3.000000000000000000e+00,7.000000000000000000e+01,8.290317654609680176e-01,3.768381774425506592e-01,5.451439619064331055e-01
3.000000000000000000e+00,7.500000000000000000e+01,8.161990642547607422e-01,3.829725682735443115e-01,5.524536967277526855e-01
3.000000000000000000e+00,8.000000000000000000e+01,7.991997599601745605e-01,3.838997781276702881e-01,5.476292371749877930e-01
3.000000000000000000e+00,8.500000000000000000e+01,7.868133783340454102e-01,3.928881883621215820e-01,5.529389977455139160e-01
3.000000000000000000e+00,9.000000000000000000e+01,7.735108137130737305e-01,3.953889906406402588e-01,5.509023070335388184e-01
3.000000000000000000e+00,9.500000000000000000e+01,7.599275112152099609e-01,3.994702100753784180e-01,5.488699674606323242e-01
3.000000000000000000e+00,1.000000000000000000e+02,7.482234835624694824e-01,4.036934375762939453e-01,5.526832938194274902e-01
3.000000000000000000e+00,1.050000000000000000e+02,7.351341247558593750e-01,4.035747051239013672e-01,5.471958518028259277e-01
3.000000000000000000e+00,5.000000000000000000e+00,4.296905100345611572e-01,4.647219479084014893e-01,2.173557644709944725e-03
3.000000000000000000e+00,1.000000000000000000e+01,5.791530609130859375e-01,4.509876072406768799e-01,6.966835260391235352e-02
3.000000000000000000e+00,1.500000000000000000e+01,6.328831911087036133e-01,4.269641935825347900e-01,1.602012962102890015e-01
3.000000000000000000e+00,2.000000000000000000e+01,7.055021524429321289e-01,4.393253326416015625e-01,2.453850209712982178e-01
3.000000000000000000e+00,2.500000000000000000e+01,7.774013280868530273e-01,4.304448664188385010e-01,3.436686098575592041e-01
3.000000000000000000e+00,3.000000000000000000e+01,8.240256309509277344e-01,4.127727150917053223e-01,3.802389204502105713e-01
3.000000000000000000e+00,3.500000000000000000e+01,8.496585488319396973e-01,3.859354555606842041e-01,3.894811570644378662e-01
3.000000000000000000e+00,4.000000000000000000e+01,8.446653485298156738e-01,3.658203780651092529e-01,3.997015357017517090e-01
3.000000000000000000e+00,4.500000000000000000e+01,8.314478993415832520e-01,3.439943790435791016e-01,4.032780230045318604e-01
3.000000000000000000e+00,5.000000000000000000e+01,7.956734895706176758e-01,3.349495232105255127e-01,4.106108844280242920e-01
3.000000000000000000e+00,5.500000000000000000e+01,7.681864500045776367e-01,3.248007595539093018e-01,4.137370884418487549e-01
3.000000000000000000e+00,6.000000000000000000e+01,7.506479024887084961e-01,3.148211836814880371e-01,4.147333204746246338e-01
3.000000000000000000e+00,6.500000000000000000e+01,7.351138591766357422e-01,3.038754761219024658e-01,4.180143177509307861e-01
3.000000000000000000e+00,7.000000000000000000e+01,7.240927219390869141e-01,3.012200295925140381e-01,4.185017645359039307e-01
3.000000000000000000e+00,7.500000000000000000e+01,7.120749354362487793e-01,2.970158457756042480e-01,4.206430613994598389e-01
3.000000000000000000e+00,8.000000000000000000e+01,7.052810192108154297e-01,2.916724681854248047e-01,4.195449352264404297e-01
3.000000000000000000e+00,8.500000000000000000e+01,7.021460533142089844e-01,2.903177440166473389e-01,4.217710494995117188e-01
3.000000000000000000e+00,9.000000000000000000e+01,6.955220103263854980e-01,2.887376248836517334e-01,4.227048158645629883e-01
3.000000000000000000e+00,9.500000000000000000e+01,6.900600790977478027e-01,2.905841469764709473e-01,4.290765821933746338e-01
3.000000000000000000e+00,1.000000000000000000e+02,6.847862005233764648e-01,2.926701903343200684e-01,4.347131848335266113e-01
3.000000000000000000e+00,1.050000000000000000e+02,6.703145503997802734e-01,2.927619814872741699e-01,4.325925707817077637e-01
3.000000000000000000e+00,5.000000000000000000e+00,9.857831895351409912e-02,3.536234200000762939e-01,7.538551464676856995e-03
3.000000000000000000e+00,1.000000000000000000e+01,1.198540776968002319e-01,3.966749608516693115e-01,1.005658283829689026e-01
3.000000000000000000e+00,1.500000000000000000e+01,2.101337611675262451e-01,4.147692620754241943e-01,1.982668340206146240e-01
3.000000000000000000e+00,2.000000000000000000e+01,2.753713726997375488e-01,4.126071035861968994e-01,2.956708371639251709e-01
3.000000000000000000e+00,2.500000000000000000e+01,3.314064741134643555e-01,4.185478985309600830e-01,3.593620955944061279e-01
3.000000000000000000e+00,3.000000000000000000e+01,3.745745122432708740e-01,3.969645202159881592e-01,3.866070508956909180e-01
3.000000000000000000e+00,3.500000000000000000e+01,4.169739186763763428e-01,3.791996836662292480e-01,4.280606210231781006e-01
3.000000000000000000e+00,4.000000000000000000e+01,4.228915274143218994e-01,3.595093190670013428e-01,4.434083104133605957e-01
3.000000000000000000e+00,4.500000000000000000e+01,4.299283921718597412e-01,3.431944251060485840e-01,4.549611508846282959e-01
3.000000000000000000e+00,5.000000000000000000e+01,4.470006823539733887e-01,3.351227045059204102e-01,4.789264202117919922e-01
3.000000000000000000e+00,5.500000000000000000e+01,4.499573707580566406e-01,3.331285417079925537e-01,4.975985288619995117e-01
3.000000000000000000e+00,6.000000000000000000e+01,4.610427618026733398e-01,3.407387435436248779e-01,5.188512802124023438e-01
3.000000000000000000e+00,6.500000000000000000e+01,4.716863632202148438e-01,3.502534329891204834e-01,5.344879627227783203e-01
3.000000000000000000e+00,7.000000000000000000e+01,4.731522202491760254e-01,3.494060933589935303e-01,5.347756147384643555e-01
3.000000000000000000e+00,7.500000000000000000e+01,4.735026657581329346e-01,3.539898991584777832e-01,5.382844805717468262e-01
3.000000000000000000e+00,8.000000000000000000e+01,4.700434505939483643e-01,3.561463654041290283e-01,5.325534939765930176e-01
3.000000000000000000e+00,8.500000000000000000e+01,4.724289774894714355e-01,3.661763370037078857e-01,5.378072857856750488e-01
3.000000000000000000e+00,9.000000000000000000e+01,4.721461534500122070e-01,3.741907477378845215e-01,5.390140414237976074e-01
3.000000000000000000e+00,9.500000000000000000e+01,4.753910005092620850e-01,3.828919231891632080e-01,5.396105051040649414e-01
3.000000000000000000e+00,1.000000000000000000e+02,4.795937836170196533e-01,3.924580812454223633e-01,5.459217429161071777e-01
3.000000000000000000e+00,1.050000000000000000e+02,4.751672744750976562e-01,3.916314244270324707e-01,5.386841893196105957e-01
3.000000000000000000e+00,5.000000000000000000e+00,2.055035084486007690e-01,5.028644204139709473e-01,3.216865006834268570e-03
3.000000000000000000e+00,1.000000000000000000e+01,1.984863430261611938e-01,5.123354792594909668e-01,9.855620563030242920e-02
3.000000000000000000e+00,1.500000000000000000e+01,2.516785860061645508e-01,4.909828305244445801e-01,1.443146914243698120e-01
3.000000000000000000e+00,2.000000000000000000e+01,3.121018111705780029e-01,4.610213339328765869e-01,2.047266215085983276e-01
3.000000000000000000e+00,2.500000000000000000e+01,3.534235358238220215e-01,4.310161471366882324e-01,2.991001307964324951e-01
3.000000000000000000e+00,3.000000000000000000e+01,3.980394601821899414e-01,3.979823291301727295e-01,3.650328516960144043e-01
3.000000000000000000e+00,3.500000000000000000e+01,4.058276712894439697e-01,3.662577867507934570e-01,3.909360766410827637e-01
3.000000000000000000e+00,4.000000000000000000e+01,4.117554128170013428e-01,3.384148776531219482e-01,3.972233831882476807e-01
3.000000000000000000e+00,4.500000000000000000e+01,4.119213223457336426e-01,3.257984220981597900e-01,4.050607383251190186e-01
3.000000000000000000e+00,5.000000000000000000e+01,4.124268293380737305e-01,3.091048300266265869e-01,4.217143058776855469e-01
3.000000000000000000e+00,5.500000000000000000e+01,3.993960022926330566e-01,2.899251878261566162e-01,4.163524210453033447e-01
3.000000000000000000e+00,6.000000000000000000e+01,3.844872415065765381e-01,2.758883237838745117e-01,4.075646400451660156e-01
3.000000000000000000e+00,6.500000000000000000e+01,3.671932816505432129e-01,2.621059417724609375e-01,4.037417769432067871e-01
3.000000000000000000e+00,7.000000000000000000e+01,3.555639982223510742e-01,2.525362968444824219e-01,3.958349525928497314e-01
3.000000000000000000e+00,7.500000000000000000e+01,3.496883213520050049e-01,2.500286102294921875e-01,3.977771103382110596e-01
3.000000000000000000e+00,8.000000000000000000e+01,3.457248806953430176e-01,2.487014532089233398e-01,3.984058499336242676e-01
3.000000000000000000e+00,8.500000000000000000e+01,3.463976681232452393e-01,2.546369135379791260e-01,4.065566360950469971e-01
3.000000000000000000e+00,9.000000000000000000e+01,3.466778099536895752e-01,2.562954723834991455e-01,4.072076976299285889e-01
3.000000000000000000e+00,9.500000000000000000e+01,3.488265573978424072e-01,2.602491676807403564e-01,4.116473793983459473e-01
3.000000000000000000e+00,1.000000000000000000e+02,3.490217626094818115e-01,2.644025683403015137e-01,4.147116541862487793e-01
3.000000000000000000e+00,1.050000000000000000e+02,3.425740599632263184e-01,2.607286274433135986e-01,4.097692966461181641e-01
3.000000000000000000e+00,5.000000000000000000e+00,2.051435410976409912e-01,4.979743361473083496e-01,7.577299140393733978e-03
3.000000000000000000e+00,1.000000000000000000e+01,1.905372142791748047e-01,4.308979809284210205e-01,1.287004947662353516e-01
3.000000000000000000e+00,1.500000000000000000e+01,2.608017623424530029e-01,3.986577987670898438e-01,2.312183529138565063e-01
3.000000000000000000e+00,2.000000000000000000e+01,2.910895049571990967e-01,3.920583426952362061e-01,3.129077553749084473e-01
3.000000000000000000e+00,2.500000000000000000e+01,3.298610448837280273e-01,3.875353634357452393e-01,3.785159885883331299e-01
3.000000000000000000e+00,3.000000000000000000e+01,4.028626382350921631e-01,3.992954790592193604e-01,4.151995778083801270e-01
3.000000000000000000e+00,3.500000000000000000e+01,4.302274584770202637e-01,3.890100121498107910e-01,4.448456764221191406e-01
3.000000000000000000e+00,4.000000000000000000e+01,4.531672596931457520e-01,3.841913044452667236e-01,4.792361259460449219e-01
3.000000000000000000e+00,4.500000000000000000e+01,4.705287814140319824e-01,3.735626935958862305e-01,4.912894666194915771e-01
3.000000000000000000e+00,5.000000000000000000e+01,4.736618399620056152e-01,3.633565604686737061e-01,4.980677664279937744e-01
3.000000000000000000e+00,5.500000000000000000e+01,4.762746393680572510e-01,3.622975349426269531e-01,5.159718990325927734e-01
3.000000000000000000e+00,6.000000000000000000e+01,4.796554148197174072e-01,3.603589534759521484e-01,5.295493006706237793e-01
3.000000000000000000e+00,6.500000000000000000e+01,4.852427840232849121e-01,3.649520576000213623e-01,5.437115430831909180e-01
3.000000000000000000e+00,7.000000000000000000e+01,4.865662157535552979e-01,3.674067258834838867e-01,5.466939806938171387e-01
3.000000000000000000e+00,7.500000000000000000e+01,4.847097694873809814e-01,3.683405220508575439e-01,5.520293712615966797e-01
3.000000000000000000e+00,8.000000000000000000e+01,4.783302247524261475e-01,3.662751913070678711e-01,5.453845262527465820e-01
3.000000000000000000e+00,8.500000000000000000e+01,4.784405231475830078e-01,3.749056160449981689e-01,5.496407747268676758e-01
3.000000000000000000e+00,9.000000000000000000e+01,4.725654423236846924e-01,3.763608336448669434e-01,5.443610548973083496e-01
3.000000000000000000e+00,9.500000000000000000e+01,4.721784591674804688e-01,3.810974359512329102e-01,5.437717437744140625e-01
3.000000000000000000e+00,1.000000000000000000e+02,4.775273799896240234e-01,3.917807042598724365e-01,5.502380728721618652e-01
3.000000000000000000e+00,1.050000000000000000e+02,4.731486439704895020e-01,3.899945616722106934e-01,5.461568832397460938e-01
3.000000000000000000e+00,5.000000000000000000e+00,2.045379728078842163e-01,4.828604459762573242e-01,2.504163887351751328e-03
3.000000000000000000e+00,1.000000000000000000e+01,2.023885995149612427e-01,4.747084975242614746e-01,7.702823728322982788e-02
3.000000000000000000e+00,1.500000000000000000e+01,2.352730780839920044e-01,4.575478732585906982e-01,1.761860400438308716e-01
3.000000000000000000e+00,2.000000000000000000e+01,3.036011457443237305e-01,4.427788853645324707e-01,2.545945942401885986e-01
3.000000000000000000e+00,2.500000000000000000e+01,3.508023917675018311e-01,4.353190362453460693e-01,3.507831990718841553e-01
3.000000000000000000e+00,3.000000000000000000e+01,4.025555253028869629e-01,4.243367910385131836e-01,4.016537368297576904e-01
3.000000000000000000e+00,3.500000000000000000e+01,4.218265712261199951e-01,4.018959999084472656e-01,4.153665006160736084e-01
3.000000000000000000e+00,4.000000000000000000e+01,4.219060540199279785e-01,3.749714493751525879e-01,4.179331362247467041e-01
3.000000000000000000e+00,4.500000000000000000e+01,4.181689620018005371e-01,3.532763421535491943e-01,4.188898205757141113e-01
3.000000000000000000e+00,5.000000000000000000e+01,4.144297242164611816e-01,3.383497893810272217e-01,4.238106608390808105e-01
3.000000000000000000e+00,5.500000000000000000e+01,4.085908830165863037e-01,3.273206353187561035e-01,4.274916052818298340e-01
3.000000000000000000e+00,6.000000000000000000e+01,4.007420837879180908e-01,3.169470727443695068e-01,4.230882525444030762e-01
3.000000000000000000e+00,6.500000000000000000e+01,3.956639766693115234e-01,3.084176778793334961e-01,4.277302920818328857e-01
3.000000000000000000e+00,7.000000000000000000e+01,3.877086341381072998e-01,2.991179227828979492e-01,4.253419935703277588e-01
3.000000000000000000e+00,7.500000000000000000e+01,3.803991973400115967e-01,2.953073978424072266e-01,4.265948832035064697e-01
3.000000000000000000e+00,8.000000000000000000e+01,3.730600178241729736e-01,2.906382679939270020e-01,4.231446981430053711e-01
3.000000000000000000e+00,8.500000000000000000e+01,3.710532486438751221e-01,2.887777388095855713e-01,4.246201515197753906e-01
3.000000000000000000e+00,9.000000000000000000e+01,3.634203374385833740e-01,2.861841320991516113e-01,4.217990040779113770e-01
3.000000000000000000e+00,9.500000000000000000e+01,3.643422424793243408e-01,2.866822183132171631e-01,4.249991774559020996e-01
3.000000000000000000e+00,1.000000000000000000e+02,3.648859858512878418e-01,2.878433465957641602e-01,4.296279549598693848e-01
3.000000000000000000e+00,1.050000000000000000e+02,3.625516593456268311e-01,2.887282967567443848e-01,4.309193491935729980e-01
3.000000000000000000e+00,5.000000000000000000e+00,9.144589304924011230e-02,3.859469294548034668e-01,5.842413287609815598e-03
3.000000000000000000e+00,1.000000000000000000e+01,1.269135177135467529e-01,3.955014050006866455e-01,1.090427041053771973e-01
3.000000000000000000e+00,1.500000000000000000e+01,2.272732555866241455e-01,4.229111671447753906e-01,1.927834451198577881e-01
3.000000000000000000e+00,2.000000000000000000e+01,2.907809317111968994e-01,4.275887012481689453e-01,3.100973963737487793e-01
3.000000000000000000e+00,2.500000000000000000e+01,3.368700742721557617e-01,4.266090691089630127e-01,3.611713349819183350e-01
3.000000000000000000e+00,3.000000000000000000e+01,3.928950428962707520e-01,4.114989936351776123e-01,3.955301344394683838e-01
3.000000000000000000e+00,3.500000000000000000e+01,4.306243360042572021e-01,4.015134871006011963e-01,4.259995818138122559e-01
3.000000000000000000e+00,4.000000000000000000e+01,4.377315938472747803e-01,3.767547905445098877e-01,4.482418894767761230e-01
3.000000000000000000e+00,4.500000000000000000e+01,4.435856938362121582e-01,3.608282506465911865e-01,4.608780145645141602e-01
3.000000000000000000e+00,5.000000000000000000e+01,4.498810768127441406e-01,3.481348454952239990e-01,4.788198471069335938e-01
3.000000000000000000e+00,5.500000000000000000e+01,4.526751041412353516e-01,3.378445506095886230e-01,4.945728182792663574e-01
3.000000000000000000e+00,6.000000000000000000e+01,4.636243283748626709e-01,3.441490828990936279e-01,5.165410637855529785e-01
3.000000000000000000e+00,6.500000000000000000e+01,4.673630297183990479e-01,3.442073166370391846e-01,5.295430421829223633e-01
3.000000000000000000e+00,7.000000000000000000e+01,4.726802110671997070e-01,3.469520509243011475e-01,5.326772332191467285e-01
3.000000000000000000e+00,7.500000000000000000e+01,4.692395031452178955e-01,3.471244275569915771e-01,5.375256538391113281e-01
3.000000000000000000e+00,8.000000000000000000e+01,4.644520282745361328e-01,3.467650711536407471e-01,5.321778059005737305e-01
3.000000000000000000e+00,8.500000000000000000e+01,4.633988142013549805e-01,3.530624806880950928e-01,5.351939797401428223e-01
3.000000000000000000e+00,9.000000000000000000e+01,4.611874520778656006e-01,3.564779460430145264e-01,5.318273305892944336e-01
3.000000000000000000e+00,9.500000000000000000e+01,4.635926187038421631e-01,3.655700087547302246e-01,5.351046323776245117e-01
3.000000000000000000e+00,1.000000000000000000e+02,4.682172536849975586e-01,3.762889802455902100e-01,5.389192104339599609e-01
3.000000000000000000e+00,1.050000000000000000e+02,4.617137610912322998e-01,3.736934661865234375e-01,5.279901027679443359e-01
3.000000000000000000e+00,5.000000000000000000e+00,2.255901247262954712e-01,5.090991258621215820e-01,2.941223327070474625e-03
3.000000000000000000e+00,1.000000000000000000e+01,2.054376006126403809e-01,5.271923542022705078e-01,1.031899452209472656e-01
3.000000000000000000e+00,1.500000000000000000e+01,2.649593949317932129e-01,5.150855779647827148e-01,1.592308282852172852e-01
3.000000000000000000e+00,2.000000000000000000e+01,3.258628547191619873e-01,4.866451621055603027e-01,2.125732302665710449e-01
3.000000000000000000e+00,2.500000000000000000e+01,3.527791500091552734e-01,4.444861114025115967e-01,2.888818979263305664e-01
3.000000000000000000e+00,3.000000000000000000e+01,3.978641033172607422e-01,4.263866543769836426e-01,3.546595573425292969e-01
3.000000000000000000e+00,3.500000000000000000e+01,4.271265566349029541e-01,3.980698585510253906e-01,3.941960036754608154e-01
3.000000000000000000e+00,4.000000000000000000e+01,4.204463958740234375e-01,3.687168359756469727e-01,4.021629393100738525e-01
3.000000000000000000e+00,4.500000000000000000e+01,4.226126372814178467e-01,3.443060219287872314e-01,4.108112454414367676e-01
3.000000000000000000e+00,5.000000000000000000e+01,4.165536761283874512e-01,3.272534608840942383e-01,4.209105968475341797e-01
3.000000000000000000e+00,5.500000000000000000e+01,4.125616252422332764e-01,3.078014850616455078e-01,4.275829493999481201e-01
3.000000000000000000e+00,6.000000000000000000e+01,3.988698422908782959e-01,2.950870096683502197e-01,4.205778837203979492e-01
3.000000000000000000e+00,6.500000000000000000e+01,3.819201886653900146e-01,2.771580815315246582e-01,4.118637144565582275e-01
3.000000000000000000e+00,7.000000000000000000e+01,3.670731186866760254e-01,2.630918323993682861e-01,4.025441706180572510e-01
3.000000000000000000e+00,7.500000000000000000e+01,3.580003380775451660e-01,2.544024586677551270e-01,4.012075066566467285e-01
3.000000000000000000e+00,8.000000000000000000e+01,3.482514321804046631e-01,2.496853619813919067e-01,3.987501859664916992e-01
3.000000000000000000e+00,8.500000000000000000e+01,3.453148007392883301e-01,2.507432103157043457e-01,4.025915265083312988e-01
3.000000000000000000e+00,9.000000000000000000e+01,3.441502451896667480e-01,2.523381114006042480e-01,4.028959572315216064e-01
3.000000000000000000e+00,9.500000000000000000e+01,3.456785976886749268e-01,2.557191848754882812e-01,4.093498587608337402e-01
3.000000000000000000e+00,1.000000000000000000e+02,3.479291796684265137e-01,2.594979703426361084e-01,4.144607484340667725e-01
3.000000000000000000e+00,1.050000000000000000e+02,3.405068218708038330e-01,2.569112777709960938e-01,4.094868004322052002e-01
