0.00,5.00,0.25,0.44,0.01,0.00
0.00,10.00,0.23,0.40,0.13,0.00
0.00,15.00,0.29,0.41,0.23,0.00
0.00,20.00,0.29,0.39,0.30,0.00
0.00,25.00,0.34,0.40,0.36,0.00
0.00,30.00,0.41,0.41,0.42,0.00
0.00,35.00,0.43,0.40,0.45,0.00
0.00,40.00,0.46,0.39,0.47,0.00
0.00,45.00,0.47,0.38,0.48,0.00
0.00,50.00,0.47,0.37,0.49,0.00
0.00,55.00,0.48,0.36,0.51,0.00
0.00,60.00,0.49,0.36,0.53,0.00
0.00,65.00,0.49,0.38,0.54,0.00
0.00,70.00,0.49,0.38,0.55,0.00
0.00,75.00,0.49,0.38,0.55,0.00
0.00,80.00,0.49,0.38,0.55,0.00
0.00,85.00,0.49,0.39,0.55,0.00
0.00,90.00,0.49,0.40,0.55,0.00
0.00,95.00,0.49,0.40,0.55,0.00
0.00,100.00,0.49,0.40,0.55,0.00
0.00,105.00,0.48,0.40,0.55,0.00
0.00,5.00,0.27,0.46,0.00,1.00
0.00,10.00,0.25,0.45,0.07,1.00
0.00,15.00,0.25,0.42,0.16,1.00
0.00,20.00,0.31,0.44,0.25,1.00
0.00,25.00,0.37,0.43,0.34,1.00
0.00,30.00,0.40,0.41,0.38,1.00
0.00,35.00,0.41,0.38,0.39,1.00
0.00,40.00,0.41,0.36,0.40,1.00
0.00,45.00,0.41,0.34,0.40,1.00
0.00,50.00,0.41,0.33,0.41,1.00
0.00,55.00,0.41,0.32,0.41,1.00
0.00,60.00,0.40,0.31,0.41,1.00
0.00,65.00,0.39,0.30,0.42,1.00
0.00,70.00,0.39,0.30,0.42,1.00
0.00,75.00,0.38,0.30,0.42,1.00
0.00,80.00,0.38,0.29,0.42,1.00
0.00,85.00,0.37,0.29,0.42,1.00
0.00,90.00,0.37,0.29,0.42,1.00
0.00,95.00,0.37,0.29,0.43,1.00
0.00,100.00,0.37,0.29,0.43,1.00
0.00,105.00,0.37,0.29,0.43,1.00
0.00,5.00,0.11,0.35,0.01,2.00
0.00,10.00,0.14,0.40,0.10,2.00
0.00,15.00,0.22,0.41,0.20,2.00
0.00,20.00,0.28,0.41,0.30,2.00
0.00,25.00,0.34,0.42,0.36,2.00
0.00,30.00,0.38,0.40,0.39,2.00
0.00,35.00,0.42,0.38,0.43,2.00
0.00,40.00,0.42,0.36,0.44,2.00
0.00,45.00,0.43,0.34,0.45,2.00
0.00,50.00,0.45,0.34,0.48,2.00
0.00,55.00,0.45,0.33,0.50,2.00
0.00,60.00,0.46,0.34,0.52,2.00
0.00,65.00,0.47,0.35,0.53,2.00
0.00,70.00,0.47,0.35,0.53,2.00
0.00,75.00,0.47,0.35,0.54,2.00
0.00,80.00,0.47,0.36,0.53,2.00
0.00,85.00,0.47,0.37,0.54,2.00
0.00,90.00,0.47,0.37,0.54,2.00
0.00,95.00,0.48,0.38,0.54,2.00
0.00,100.00,0.48,0.39,0.55,2.00
0.00,105.00,0.48,0.39,0.54,2.00
0.00,5.00,0.24,0.51,0.00,3.00
0.00,10.00,0.23,0.52,0.10,3.00
0.00,15.00,0.28,0.49,0.14,3.00
0.00,20.00,0.32,0.46,0.20,3.00
0.00,25.00,0.36,0.43,0.30,3.00
0.00,30.00,0.40,0.40,0.37,3.00
0.00,35.00,0.41,0.37,0.39,3.00
0.00,40.00,0.41,0.34,0.40,3.00
0.00,45.00,0.41,0.33,0.41,3.00
0.00,50.00,0.41,0.31,0.42,3.00
0.00,55.00,0.40,0.29,0.42,3.00
0.00,60.00,0.39,0.28,0.41,3.00
0.00,65.00,0.37,0.26,0.40,3.00
0.00,70.00,0.36,0.25,0.40,3.00
0.00,75.00,0.35,0.25,0.40,3.00
0.00,80.00,0.35,0.25,0.40,3.00
0.00,85.00,0.35,0.25,0.41,3.00
0.00,90.00,0.35,0.26,0.41,3.00
0.00,95.00,0.35,0.26,0.41,3.00
0.00,100.00,0.35,0.26,0.41,3.00
0.00,105.00,0.34,0.26,0.41,3.00
0.00,5.00,0.29,0.50,0.01,4.00
0.00,10.00,0.23,0.43,0.13,4.00
0.00,15.00,0.28,0.40,0.23,4.00
0.00,20.00,0.30,0.39,0.31,4.00
0.00,25.00,0.34,0.39,0.38,4.00
0.00,30.00,0.41,0.40,0.42,4.00
0.00,35.00,0.43,0.39,0.44,4.00
0.00,40.00,0.46,0.38,0.48,4.00
0.00,45.00,0.47,0.37,0.49,4.00
0.00,50.00,0.47,0.36,0.50,4.00
0.00,55.00,0.48,0.36,0.52,4.00
0.00,60.00,0.48,0.36,0.53,4.00
0.00,65.00,0.49,0.36,0.54,4.00
0.00,70.00,0.49,0.37,0.55,4.00
0.00,75.00,0.49,0.37,0.55,4.00
0.00,80.00,0.48,0.37,0.55,4.00
0.00,85.00,0.48,0.37,0.55,4.00
0.00,90.00,0.47,0.38,0.54,4.00
0.00,95.00,0.47,0.38,0.54,4.00
0.00,100.00,0.48,0.39,0.55,4.00
0.00,105.00,0.47,0.39,0.55,4.00
0.00,5.00,0.25,0.48,0.00,5.00
0.00,10.00,0.24,0.47,0.08,5.00
0.00,15.00,0.26,0.46,0.18,5.00
0.00,20.00,0.32,0.44,0.25,5.00
0.00,25.00,0.36,0.43,0.35,5.00
0.00,30.00,0.41,0.42,0.40,5.00
0.00,35.00,0.43,0.40,0.42,5.00
0.00,40.00,0.43,0.37,0.42,5.00
0.00,45.00,0.42,0.35,0.42,5.00
0.00,50.00,0.42,0.34,0.42,5.00
0.00,55.00,0.41,0.33,0.43,5.00
0.00,60.00,0.40,0.32,0.42,5.00
0.00,65.00,0.40,0.31,0.43,5.00
0.00,70.00,0.39,0.30,0.43,5.00
0.00,75.00,0.38,0.29,0.43,5.00
0.00,80.00,0.37,0.29,0.42,5.00
0.00,85.00,0.37,0.29,0.42,5.00
0.00,90.00,0.36,0.29,0.42,5.00
0.00,95.00,0.36,0.29,0.42,5.00
0.00,100.00,0.37,0.29,0.43,5.00
0.00,105.00,0.36,0.29,0.43,5.00
0.00,5.00,0.12,0.39,0.01,6.00
0.00,10.00,0.16,0.39,0.11,6.00
0.00,15.00,0.24,0.42,0.19,6.00
0.00,20.00,0.30,0.43,0.31,6.00
0.00,25.00,0.34,0.43,0.36,6.00
0.00,30.00,0.40,0.41,0.40,6.00
0.00,35.00,0.43,0.40,0.43,6.00
0.00,40.00,0.44,0.38,0.45,6.00
0.00,45.00,0.44,0.36,0.46,6.00
0.00,50.00,0.45,0.35,0.48,6.00
0.00,55.00,0.45,0.34,0.49,6.00
0.00,60.00,0.46,0.34,0.52,6.00
0.00,65.00,0.47,0.34,0.53,6.00
0.00,70.00,0.47,0.35,0.53,6.00
0.00,75.00,0.47,0.35,0.54,6.00
0.00,80.00,0.46,0.35,0.53,6.00
0.00,85.00,0.46,0.35,0.54,6.00
0.00,90.00,0.46,0.36,0.53,6.00
0.00,95.00,0.46,0.36,0.54,6.00
0.00,100.00,0.47,0.38,0.54,6.00
0.00,105.00,0.46,0.37,0.53,6.00
0.00,5.00,0.30,0.51,0.00,7.00
0.00,10.00,0.26,0.53,0.10,7.00
0.00,15.00,0.30,0.52,0.16,7.00
0.00,20.00,0.34,0.49,0.21,7.00
0.00,25.00,0.36,0.44,0.29,7.00
0.00,30.00,0.41,0.43,0.35,7.00
0.00,35.00,0.43,0.40,0.39,7.00
0.00,40.00,0.42,0.37,0.40,7.00
0.00,45.00,0.43,0.34,0.41,7.00
0.00,50.00,0.42,0.33,0.42,7.00
0.00,55.00,0.41,0.31,0.43,7.00
0.00,60.00,0.40,0.29,0.42,7.00
0.00,65.00,0.38,0.28,0.41,7.00
0.00,70.00,0.37,0.26,0.40,7.00
0.00,75.00,0.36,0.25,0.40,7.00
0.00,80.00,0.35,0.25,0.40,7.00
0.00,85.00,0.35,0.25,0.40,7.00
0.00,90.00,0.34,0.25,0.40,7.00
0.00,95.00,0.35,0.26,0.41,7.00
0.00,100.00,0.35,0.26,0.41,7.00
0.00,105.00,0.34,0.26,0.41,7.00
0.00,5.00,0.34,0.57,0.01,8.00
0.00,10.00,0.24,0.43,0.15,8.00
0.00,15.00,0.28,0.40,0.23,8.00
0.00,20.00,0.31,0.39,0.31,8.00
0.00,25.00,0.36,0.40,0.38,8.00
0.00,30.00,0.42,0.40,0.42,8.00
0.00,35.00,0.45,0.40,0.45,8.00
0.00,40.00,0.46,0.38,0.47,8.00
0.00,45.00,0.48,0.37,0.50,8.00
0.00,50.00,0.48,0.36,0.50,8.00
0.00,55.00,0.49,0.37,0.52,8.00
0.00,60.00,0.49,0.37,0.53,8.00
0.00,65.00,0.50,0.37,0.55,8.00
0.00,70.00,0.49,0.37,0.55,8.00
0.00,75.00,0.49,0.37,0.55,8.00
0.00,80.00,0.48,0.36,0.54,8.00
0.00,85.00,0.48,0.36,0.54,8.00
0.00,90.00,0.47,0.36,0.54,8.00
0.00,95.00,0.47,0.37,0.54,8.00
0.00,100.00,0.47,0.38,0.54,8.00
0.00,105.00,0.46,0.38,0.54,8.00
0.00,5.00,0.30,0.48,0.00,9.00
0.00,10.00,0.28,0.48,0.08,9.00
0.00,15.00,0.29,0.48,0.18,9.00
0.00,20.00,0.32,0.44,0.24,9.00
0.00,25.00,0.36,0.43,0.32,9.00
0.00,30.00,0.42,0.43,0.39,9.00
0.00,35.00,0.45,0.41,0.42,9.00
0.00,40.00,0.44,0.38,0.43,9.00
0.00,45.00,0.44,0.36,0.43,9.00
0.00,50.00,0.43,0.34,0.43,9.00
0.00,55.00,0.43,0.33,0.44,9.00
0.00,60.00,0.42,0.32,0.43,9.00
0.00,65.00,0.41,0.31,0.43,9.00
0.00,70.00,0.40,0.31,0.43,9.00
0.00,75.00,0.39,0.30,0.43,9.00
0.00,80.00,0.38,0.29,0.42,9.00
0.00,85.00,0.37,0.29,0.43,9.00
0.00,90.00,0.37,0.29,0.42,9.00
0.00,95.00,0.37,0.29,0.42,9.00
0.00,100.00,0.36,0.29,0.43,9.00
0.00,105.00,0.36,0.28,0.43,9.00
0.00,5.00,0.15,0.46,0.01,10.00
0.00,10.00,0.18,0.39,0.11,10.00
0.00,15.00,0.27,0.45,0.20,10.00
0.00,20.00,0.32,0.43,0.30,10.00
0.00,25.00,0.38,0.44,0.37,10.00
0.00,30.00,0.42,0.43,0.40,10.00
0.00,35.00,0.46,0.43,0.43,10.00
0.00,40.00,0.46,0.40,0.45,10.00
0.00,45.00,0.46,0.38,0.46,10.00
0.00,50.00,0.47,0.36,0.48,10.00
0.00,55.00,0.47,0.36,0.50,10.00
0.00,60.00,0.48,0.36,0.52,10.00
0.00,65.00,0.48,0.36,0.54,10.00
0.00,70.00,0.48,0.36,0.54,10.00
0.00,75.00,0.48,0.36,0.54,10.00
0.00,80.00,0.47,0.35,0.54,10.00
0.00,85.00,0.47,0.35,0.54,10.00
0.00,90.00,0.46,0.35,0.53,10.00
0.00,95.00,0.46,0.36,0.53,10.00
0.00,100.00,0.46,0.37,0.54,10.00
0.00,105.00,0.46,0.36,0.53,10.00
0.00,5.00,0.29,0.54,0.00,11.00
0.00,10.00,0.26,0.55,0.10,11.00
0.00,15.00,0.32,0.55,0.17,11.00
0.00,20.00,0.36,0.52,0.22,11.00
0.00,25.00,0.39,0.48,0.28,11.00
0.00,30.00,0.42,0.46,0.35,11.00
0.00,35.00,0.46,0.43,0.39,11.00
0.00,40.00,0.43,0.39,0.41,11.00
0.00,45.00,0.43,0.36,0.41,11.00
0.00,50.00,0.42,0.34,0.42,11.00
0.00,55.00,0.42,0.32,0.43,11.00
0.00,60.00,0.41,0.31,0.43,11.00
0.00,65.00,0.40,0.30,0.42,11.00
0.00,70.00,0.38,0.28,0.41,11.00
0.00,75.00,0.36,0.27,0.41,11.00
0.00,80.00,0.36,0.26,0.40,11.00
0.00,85.00,0.35,0.26,0.40,11.00
0.00,90.00,0.35,0.25,0.40,11.00
0.00,95.00,0.34,0.25,0.41,11.00
0.00,100.00,0.34,0.26,0.41,11.00
0.00,105.00,0.34,0.26,0.41,11.00
0.00,5.00,0.33,0.53,0.01,12.00
0.00,10.00,0.24,0.43,0.14,12.00
0.00,15.00,0.30,0.42,0.24,12.00
0.00,20.00,0.31,0.40,0.31,12.00
0.00,25.00,0.36,0.40,0.38,12.00
0.00,30.00,0.41,0.40,0.42,12.00
0.00,35.00,0.43,0.37,0.44,12.00
0.00,40.00,0.45,0.36,0.47,12.00
0.00,45.00,0.47,0.36,0.48,12.00
0.00,50.00,0.46,0.34,0.48,12.00
0.00,55.00,0.48,0.34,0.51,12.00
0.00,60.00,0.48,0.34,0.53,12.00
0.00,65.00,0.48,0.34,0.54,12.00
0.00,70.00,0.48,0.34,0.53,12.00
0.00,75.00,0.47,0.34,0.54,12.00
0.00,80.00,0.47,0.34,0.53,12.00
0.00,85.00,0.47,0.35,0.54,12.00
0.00,90.00,0.46,0.35,0.53,12.00
0.00,95.00,0.46,0.36,0.53,12.00
0.00,100.00,0.47,0.37,0.54,12.00
0.00,105.00,0.46,0.37,0.53,12.00
0.00,5.00,0.25,0.42,0.00,13.00
0.00,10.00,0.23,0.37,0.06,13.00
0.00,15.00,0.24,0.39,0.16,13.00
0.00,20.00,0.31,0.41,0.25,13.00
0.00,25.00,0.35,0.41,0.34,13.00
0.00,30.00,0.38,0.39,0.37,13.00
0.00,35.00,0.39,0.36,0.37,13.00
0.00,40.00,0.40,0.35,0.39,13.00
0.00,45.00,0.40,0.33,0.40,13.00
0.00,50.00,0.41,0.31,0.41,13.00
0.00,55.00,0.40,0.30,0.42,13.00
0.00,60.00,0.40,0.30,0.42,13.00
0.00,65.00,0.39,0.28,0.42,13.00
0.00,70.00,0.38,0.28,0.42,13.00
0.00,75.00,0.37,0.27,0.42,13.00
0.00,80.00,0.37,0.27,0.42,13.00
0.00,85.00,0.36,0.26,0.42,13.00
0.00,90.00,0.36,0.26,0.42,13.00
0.00,95.00,0.36,0.27,0.43,13.00
0.00,100.00,0.36,0.27,0.43,13.00
0.00,105.00,0.36,0.27,0.43,13.00
0.00,5.00,0.16,0.42,0.01,14.00
0.00,10.00,0.16,0.41,0.11,14.00
0.00,15.00,0.26,0.42,0.22,14.00
0.00,20.00,0.31,0.41,0.31,14.00
0.00,25.00,0.36,0.41,0.36,14.00
0.00,30.00,0.40,0.38,0.39,14.00
0.00,35.00,0.43,0.36,0.42,14.00
0.00,40.00,0.44,0.33,0.44,14.00
0.00,45.00,0.44,0.31,0.45,14.00
0.00,50.00,0.45,0.30,0.47,14.00
0.00,55.00,0.45,0.30,0.50,14.00
0.00,60.00,0.46,0.31,0.52,14.00
0.00,65.00,0.46,0.31,0.52,14.00
0.00,70.00,0.46,0.31,0.52,14.00
0.00,75.00,0.45,0.31,0.52,14.00
0.00,80.00,0.44,0.31,0.51,14.00
0.00,85.00,0.45,0.33,0.52,14.00
0.00,90.00,0.45,0.33,0.52,14.00
0.00,95.00,0.45,0.35,0.52,14.00
0.00,100.00,0.46,0.36,0.53,14.00
0.00,105.00,0.45,0.36,0.52,14.00
0.00,5.00,0.22,0.38,0.00,15.00
0.00,10.00,0.21,0.46,0.09,15.00
0.00,15.00,0.26,0.45,0.14,15.00
0.00,20.00,0.31,0.44,0.21,15.00
0.00,25.00,0.35,0.42,0.30,15.00
0.00,30.00,0.39,0.39,0.35,15.00
0.00,35.00,0.40,0.36,0.38,15.00
0.00,40.00,0.40,0.33,0.39,15.00
0.00,45.00,0.40,0.31,0.39,15.00
0.00,50.00,0.40,0.29,0.41,15.00
0.00,55.00,0.40,0.27,0.41,15.00
0.00,60.00,0.38,0.26,0.40,15.00
0.00,65.00,0.36,0.24,0.39,15.00
0.00,70.00,0.35,0.23,0.39,15.00
0.00,75.00,0.34,0.22,0.38,15.00
0.00,80.00,0.33,0.22,0.38,15.00
0.00,85.00,0.33,0.22,0.39,15.00
0.00,90.00,0.33,0.23,0.39,15.00
0.00,95.00,0.34,0.23,0.40,15.00
0.00,100.00,0.33,0.23,0.40,15.00
0.00,105.00,0.33,0.23,0.40,15.00
0.00,5.00,0.34,0.55,0.01,16.00
0.00,10.00,0.24,0.45,0.14,16.00
0.00,15.00,0.30,0.42,0.25,16.00
0.00,20.00,0.33,0.41,0.33,16.00
0.00,25.00,0.37,0.40,0.40,16.00
0.00,30.00,0.42,0.39,0.42,16.00
0.00,35.00,0.44,0.37,0.44,16.00
0.00,40.00,0.45,0.36,0.47,16.00
0.00,45.00,0.47,0.35,0.48,16.00
0.00,50.00,0.47,0.34,0.49,16.00
0.00,55.00,0.48,0.34,0.51,16.00
0.00,60.00,0.49,0.34,0.53,16.00
0.00,65.00,0.48,0.34,0.54,16.00
0.00,70.00,0.48,0.34,0.54,16.00
0.00,75.00,0.48,0.34,0.54,16.00
0.00,80.00,0.47,0.33,0.53,16.00
0.00,85.00,0.46,0.34,0.53,16.00
0.00,90.00,0.45,0.34,0.53,16.00
0.00,95.00,0.45,0.35,0.53,16.00
0.00,100.00,0.46,0.35,0.53,16.00
0.00,105.00,0.45,0.35,0.53,16.00
0.00,5.00,0.22,0.44,0.00,17.00
0.00,10.00,0.22,0.40,0.07,17.00
0.00,15.00,0.25,0.41,0.17,17.00
0.00,20.00,0.31,0.41,0.24,17.00
0.00,25.00,0.36,0.42,0.36,17.00
0.00,30.00,0.40,0.41,0.39,17.00
0.00,35.00,0.41,0.38,0.40,17.00
0.00,40.00,0.41,0.36,0.40,17.00
0.00,45.00,0.42,0.34,0.41,17.00
0.00,50.00,0.41,0.32,0.42,17.00
0.00,55.00,0.41,0.31,0.43,17.00
0.00,60.00,0.40,0.30,0.43,17.00
0.00,65.00,0.39,0.29,0.43,17.00
0.00,70.00,0.39,0.28,0.43,17.00
0.00,75.00,0.38,0.28,0.43,17.00
0.00,80.00,0.37,0.27,0.42,17.00
0.00,85.00,0.36,0.27,0.42,17.00
0.00,90.00,0.36,0.27,0.42,17.00
0.00,95.00,0.36,0.27,0.42,17.00
0.00,100.00,0.36,0.27,0.42,17.00
0.00,105.00,0.35,0.27,0.43,17.00
0.00,5.00,0.11,0.39,0.00,18.00
0.00,10.00,0.19,0.46,0.12,18.00
0.00,15.00,0.28,0.45,0.21,18.00
0.00,20.00,0.33,0.43,0.32,18.00
0.00,25.00,0.37,0.42,0.37,18.00
0.00,30.00,0.41,0.40,0.39,18.00
0.00,35.00,0.44,0.37,0.42,18.00
0.00,40.00,0.44,0.34,0.43,18.00
0.00,45.00,0.45,0.33,0.45,18.00
0.00,50.00,0.46,0.32,0.47,18.00
0.00,55.00,0.46,0.32,0.50,18.00
0.00,60.00,0.47,0.32,0.52,18.00
0.00,65.00,0.47,0.31,0.52,18.00
0.00,70.00,0.46,0.31,0.52,18.00
0.00,75.00,0.45,0.31,0.52,18.00
0.00,80.00,0.45,0.31,0.51,18.00
0.00,85.00,0.44,0.31,0.51,18.00
0.00,90.00,0.44,0.32,0.51,18.00
0.00,95.00,0.44,0.33,0.51,18.00
0.00,100.00,0.45,0.34,0.52,18.00
0.00,105.00,0.44,0.34,0.51,18.00
0.00,5.00,0.26,0.42,0.00,19.00
0.00,10.00,0.24,0.47,0.09,19.00
0.00,15.00,0.28,0.46,0.14,19.00
0.00,20.00,0.33,0.46,0.20,19.00
0.00,25.00,0.38,0.44,0.30,19.00
0.00,30.00,0.40,0.40,0.34,19.00
0.00,35.00,0.42,0.39,0.38,19.00
0.00,40.00,0.41,0.36,0.39,19.00
0.00,45.00,0.41,0.33,0.40,19.00
0.00,50.00,0.41,0.31,0.41,19.00
0.00,55.00,0.40,0.29,0.42,19.00
0.00,60.00,0.40,0.28,0.41,19.00
0.00,65.00,0.38,0.26,0.41,19.00
0.00,70.00,0.37,0.25,0.40,19.00
0.00,75.00,0.35,0.24,0.39,19.00
0.00,80.00,0.34,0.23,0.39,19.00
0.00,85.00,0.33,0.23,0.39,19.00
0.00,90.00,0.33,0.23,0.39,19.00
0.00,95.00,0.33,0.23,0.39,19.00
0.00,100.00,0.33,0.24,0.40,19.00
0.00,105.00,0.33,0.23,0.40,19.00
1.00,5.00,0.04,0.21,0.00,0.00
1.00,10.00,0.09,0.37,0.09,0.00
1.00,15.00,0.16,0.39,0.18,0.00
1.00,20.00,0.23,0.39,0.26,0.00
1.00,25.00,0.27,0.38,0.32,0.00
1.00,30.00,0.27,0.34,0.32,0.00
1.00,35.00,0.28,0.31,0.32,0.00
1.00,40.00,0.29,0.28,0.33,0.00
1.00,45.00,0.28,0.25,0.32,0.00
1.00,50.00,0.29,0.24,0.33,0.00
1.00,55.00,0.30,0.23,0.34,0.00
1.00,60.00,0.31,0.22,0.36,0.00
1.00,65.00,0.31,0.22,0.35,0.00
1.00,70.00,0.30,0.22,0.36,0.00
1.00,75.00,0.30,0.22,0.36,0.00
1.00,80.00,0.30,0.22,0.36,0.00
1.00,85.00,0.30,0.22,0.36,0.00
1.00,90.00,0.29,0.22,0.35,0.00
1.00,95.00,0.28,0.22,0.35,0.00
1.00,100.00,0.27,0.22,0.34,0.00
1.00,105.00,0.28,0.22,0.34,0.00
1.00,5.00,0.05,0.21,0.00,1.00
1.00,10.00,0.10,0.38,0.10,1.00
1.00,15.00,0.17,0.39,0.19,1.00
1.00,20.00,0.23,0.39,0.26,1.00
1.00,25.00,0.26,0.38,0.32,1.00
1.00,30.00,0.28,0.34,0.32,1.00
1.00,35.00,0.27,0.30,0.32,1.00
1.00,40.00,0.29,0.27,0.33,1.00
1.00,45.00,0.29,0.25,0.32,1.00
1.00,50.00,0.29,0.23,0.33,1.00
1.00,55.00,0.30,0.22,0.34,1.00
1.00,60.00,0.31,0.22,0.35,1.00
1.00,65.00,0.30,0.22,0.35,1.00
1.00,70.00,0.30,0.21,0.35,1.00
1.00,75.00,0.30,0.22,0.35,1.00
1.00,80.00,0.29,0.21,0.36,1.00
1.00,85.00,0.30,0.22,0.36,1.00
1.00,90.00,0.29,0.22,0.35,1.00
1.00,95.00,0.28,0.22,0.35,1.00
1.00,100.00,0.28,0.22,0.34,1.00
1.00,105.00,0.28,0.22,0.34,1.00
1.00,5.00,0.19,0.66,0.00,2.00
1.00,10.00,0.23,0.51,0.12,2.00
1.00,15.00,0.21,0.41,0.16,2.00
1.00,20.00,0.21,0.37,0.23,2.00
1.00,25.00,0.25,0.36,0.29,2.00
1.00,30.00,0.33,0.37,0.35,2.00
1.00,35.00,0.35,0.35,0.38,2.00
1.00,40.00,0.35,0.32,0.37,2.00
1.00,45.00,0.35,0.30,0.37,2.00
1.00,50.00,0.35,0.29,0.37,2.00
1.00,55.00,0.35,0.28,0.38,2.00
1.00,60.00,0.35,0.28,0.38,2.00
1.00,65.00,0.34,0.28,0.38,2.00
1.00,70.00,0.34,0.28,0.39,2.00
1.00,75.00,0.34,0.28,0.39,2.00
1.00,80.00,0.34,0.28,0.39,2.00
1.00,85.00,0.34,0.29,0.40,2.00
1.00,90.00,0.34,0.29,0.41,2.00
1.00,95.00,0.34,0.29,0.41,2.00
1.00,100.00,0.34,0.29,0.41,2.00
1.00,105.00,0.34,0.29,0.40,2.00
1.00,5.00,0.09,0.43,0.00,3.00
1.00,10.00,0.15,0.42,0.08,3.00
1.00,15.00,0.14,0.34,0.11,3.00
1.00,20.00,0.13,0.28,0.15,3.00
1.00,25.00,0.16,0.26,0.19,3.00
1.00,30.00,0.22,0.27,0.24,3.00
1.00,35.00,0.26,0.28,0.28,3.00
1.00,40.00,0.28,0.27,0.30,3.00
1.00,45.00,0.28,0.26,0.30,3.00
1.00,50.00,0.28,0.24,0.31,3.00
1.00,55.00,0.29,0.24,0.32,3.00
1.00,60.00,0.29,0.24,0.32,3.00
1.00,65.00,0.29,0.24,0.34,3.00
1.00,70.00,0.29,0.23,0.34,3.00
1.00,75.00,0.29,0.22,0.34,3.00
1.00,80.00,0.29,0.22,0.34,3.00
1.00,85.00,0.28,0.22,0.34,3.00
1.00,90.00,0.28,0.22,0.34,3.00
1.00,95.00,0.28,0.22,0.34,3.00
1.00,100.00,0.28,0.23,0.34,3.00
1.00,105.00,0.28,0.23,0.34,3.00
1.00,5.00,0.15,0.35,0.01,4.00
1.00,10.00,0.18,0.38,0.07,4.00
1.00,15.00,0.20,0.37,0.16,4.00
1.00,20.00,0.19,0.34,0.24,4.00
1.00,25.00,0.23,0.34,0.30,4.00
1.00,30.00,0.30,0.34,0.34,4.00
1.00,35.00,0.33,0.33,0.35,4.00
1.00,40.00,0.36,0.32,0.37,4.00
1.00,45.00,0.37,0.32,0.39,4.00
1.00,50.00,0.38,0.32,0.41,4.00
1.00,55.00,0.38,0.31,0.42,4.00
1.00,60.00,0.37,0.30,0.42,4.00
1.00,65.00,0.38,0.30,0.43,4.00
1.00,70.00,0.37,0.30,0.43,4.00
1.00,75.00,0.37,0.30,0.43,4.00
1.00,80.00,0.36,0.30,0.43,4.00
1.00,85.00,0.35,0.29,0.42,4.00
1.00,90.00,0.34,0.28,0.42,4.00
1.00,95.00,0.33,0.28,0.41,4.00
1.00,100.00,0.32,0.27,0.39,4.00
1.00,105.00,0.31,0.27,0.38,4.00
1.00,5.00,0.04,0.16,0.00,5.00
1.00,10.00,0.08,0.20,0.07,5.00
1.00,15.00,0.11,0.21,0.12,5.00
1.00,20.00,0.13,0.23,0.20,5.00
1.00,25.00,0.18,0.25,0.25,5.00
1.00,30.00,0.24,0.27,0.30,5.00
1.00,35.00,0.30,0.28,0.35,5.00
1.00,40.00,0.31,0.28,0.37,5.00
1.00,45.00,0.32,0.28,0.38,5.00
1.00,50.00,0.32,0.27,0.37,5.00
1.00,55.00,0.32,0.26,0.38,5.00
1.00,60.00,0.31,0.26,0.37,5.00
1.00,65.00,0.30,0.25,0.37,5.00
1.00,70.00,0.30,0.24,0.36,5.00
1.00,75.00,0.29,0.24,0.35,5.00
1.00,80.00,0.29,0.23,0.34,5.00
1.00,85.00,0.29,0.23,0.35,5.00
1.00,90.00,0.29,0.23,0.34,5.00
1.00,95.00,0.28,0.23,0.34,5.00
1.00,100.00,0.27,0.23,0.33,5.00
1.00,105.00,0.27,0.22,0.32,5.00
1.00,5.00,0.18,0.62,0.01,6.00
1.00,10.00,0.23,0.53,0.12,6.00
1.00,15.00,0.23,0.42,0.16,6.00
1.00,20.00,0.22,0.37,0.22,6.00
1.00,25.00,0.25,0.37,0.30,6.00
1.00,30.00,0.31,0.37,0.34,6.00
1.00,35.00,0.34,0.34,0.37,6.00
1.00,40.00,0.36,0.32,0.37,6.00
1.00,45.00,0.35,0.29,0.36,6.00
1.00,50.00,0.35,0.28,0.36,6.00
1.00,55.00,0.34,0.28,0.37,6.00
1.00,60.00,0.33,0.27,0.37,6.00
1.00,65.00,0.34,0.27,0.38,6.00
1.00,70.00,0.33,0.27,0.38,6.00
1.00,75.00,0.33,0.27,0.38,6.00
1.00,80.00,0.33,0.27,0.39,6.00
1.00,85.00,0.33,0.27,0.39,6.00
1.00,90.00,0.33,0.28,0.40,6.00
1.00,95.00,0.33,0.28,0.40,6.00
1.00,100.00,0.33,0.29,0.40,6.00
1.00,105.00,0.33,0.29,0.40,6.00
1.00,5.00,0.07,0.43,0.00,7.00
1.00,10.00,0.12,0.40,0.08,7.00
1.00,15.00,0.14,0.34,0.11,7.00
1.00,20.00,0.14,0.28,0.15,7.00
1.00,25.00,0.16,0.26,0.19,7.00
1.00,30.00,0.22,0.27,0.24,7.00
1.00,35.00,0.26,0.28,0.27,7.00
1.00,40.00,0.28,0.27,0.31,7.00
1.00,45.00,0.28,0.26,0.31,7.00
1.00,50.00,0.28,0.25,0.31,7.00
1.00,55.00,0.29,0.24,0.32,7.00
1.00,60.00,0.28,0.24,0.32,7.00
1.00,65.00,0.28,0.24,0.33,7.00
1.00,70.00,0.29,0.23,0.34,7.00
1.00,75.00,0.29,0.23,0.34,7.00
1.00,80.00,0.29,0.22,0.34,7.00
1.00,85.00,0.28,0.22,0.34,7.00
1.00,90.00,0.28,0.22,0.34,7.00
1.00,95.00,0.28,0.21,0.34,7.00
1.00,100.00,0.28,0.22,0.34,7.00
1.00,105.00,0.28,0.22,0.34,7.00
1.00,5.00,0.19,0.36,0.00,8.00
1.00,10.00,0.20,0.42,0.09,8.00
1.00,15.00,0.21,0.37,0.16,8.00
1.00,20.00,0.21,0.34,0.23,8.00
1.00,25.00,0.23,0.34,0.29,8.00
1.00,30.00,0.29,0.33,0.33,8.00
1.00,35.00,0.32,0.31,0.35,8.00
1.00,40.00,0.35,0.31,0.36,8.00
1.00,45.00,0.37,0.32,0.39,8.00
1.00,50.00,0.38,0.32,0.41,8.00
1.00,55.00,0.38,0.31,0.42,8.00
1.00,60.00,0.37,0.30,0.42,8.00
1.00,65.00,0.37,0.30,0.42,8.00
1.00,70.00,0.37,0.30,0.42,8.00
1.00,75.00,0.36,0.30,0.43,8.00
1.00,80.00,0.36,0.30,0.43,8.00
1.00,85.00,0.35,0.29,0.42,8.00
1.00,90.00,0.34,0.29,0.42,8.00
1.00,95.00,0.33,0.28,0.41,8.00
1.00,100.00,0.32,0.28,0.40,8.00
1.00,105.00,0.31,0.27,0.39,8.00
1.00,5.00,0.03,0.15,0.00,9.00
1.00,10.00,0.07,0.21,0.07,9.00
1.00,15.00,0.11,0.23,0.13,9.00
1.00,20.00,0.14,0.24,0.19,9.00
1.00,25.00,0.18,0.25,0.24,9.00
1.00,30.00,0.24,0.27,0.29,9.00
1.00,35.00,0.29,0.28,0.33,9.00
1.00,40.00,0.32,0.29,0.37,9.00
1.00,45.00,0.34,0.28,0.38,9.00
1.00,50.00,0.33,0.28,0.38,9.00
1.00,55.00,0.33,0.27,0.39,9.00
1.00,60.00,0.32,0.26,0.38,9.00
1.00,65.00,0.31,0.26,0.38,9.00
1.00,70.00,0.31,0.24,0.37,9.00
1.00,75.00,0.30,0.24,0.36,9.00
1.00,80.00,0.30,0.23,0.35,9.00
1.00,85.00,0.29,0.23,0.35,9.00
1.00,90.00,0.29,0.22,0.34,9.00
1.00,95.00,0.28,0.23,0.34,9.00
1.00,100.00,0.28,0.22,0.33,9.00
1.00,105.00,0.27,0.22,0.32,9.00
1.00,5.00,0.23,0.66,0.01,10.00
1.00,10.00,0.23,0.54,0.12,10.00
1.00,15.00,0.21,0.42,0.15,10.00
1.00,20.00,0.22,0.37,0.21,10.00
1.00,25.00,0.24,0.37,0.30,10.00
1.00,30.00,0.30,0.36,0.34,10.00
1.00,35.00,0.34,0.34,0.36,10.00
1.00,40.00,0.35,0.32,0.37,10.00
1.00,45.00,0.35,0.29,0.35,10.00
1.00,50.00,0.35,0.27,0.35,10.00
1.00,55.00,0.35,0.27,0.36,10.00
1.00,60.00,0.33,0.27,0.36,10.00
1.00,65.00,0.33,0.27,0.37,10.00
1.00,70.00,0.33,0.26,0.37,10.00
1.00,75.00,0.33,0.27,0.37,10.00
1.00,80.00,0.33,0.27,0.38,10.00
1.00,85.00,0.33,0.27,0.39,10.00
1.00,90.00,0.33,0.27,0.39,10.00
1.00,95.00,0.33,0.27,0.39,10.00
1.00,100.00,0.33,0.28,0.39,10.00
1.00,105.00,0.33,0.28,0.39,10.00
1.00,5.00,0.10,0.44,0.01,11.00
1.00,10.00,0.16,0.42,0.09,11.00
1.00,15.00,0.13,0.33,0.11,11.00
1.00,20.00,0.14,0.28,0.15,11.00
1.00,25.00,0.17,0.27,0.19,11.00
1.00,30.00,0.22,0.27,0.24,11.00
1.00,35.00,0.26,0.28,0.27,11.00
1.00,40.00,0.28,0.28,0.30,11.00
1.00,45.00,0.28,0.26,0.31,11.00
1.00,50.00,0.29,0.25,0.31,11.00
1.00,55.00,0.29,0.24,0.32,11.00
1.00,60.00,0.29,0.24,0.32,11.00
1.00,65.00,0.28,0.24,0.32,11.00
1.00,70.00,0.29,0.23,0.33,11.00
1.00,75.00,0.29,0.23,0.34,11.00
1.00,80.00,0.29,0.22,0.34,11.00
1.00,85.00,0.29,0.22,0.34,11.00
1.00,90.00,0.28,0.22,0.34,11.00
1.00,95.00,0.28,0.21,0.34,11.00
1.00,100.00,0.28,0.21,0.33,11.00
1.00,105.00,0.28,0.22,0.34,11.00
1.00,5.00,0.16,0.28,0.00,12.00
1.00,10.00,0.22,0.41,0.08,12.00
1.00,15.00,0.20,0.35,0.16,12.00
1.00,20.00,0.19,0.33,0.22,12.00
1.00,25.00,0.24,0.33,0.30,12.00
1.00,30.00,0.27,0.31,0.33,12.00
1.00,35.00,0.31,0.29,0.35,12.00
1.00,40.00,0.34,0.30,0.37,12.00
1.00,45.00,0.36,0.30,0.39,12.00
1.00,50.00,0.38,0.30,0.42,12.00
1.00,55.00,0.38,0.30,0.43,12.00
1.00,60.00,0.38,0.29,0.43,12.00
1.00,65.00,0.38,0.30,0.44,12.00
1.00,70.00,0.37,0.29,0.43,12.00
1.00,75.00,0.36,0.29,0.43,12.00
1.00,80.00,0.36,0.29,0.43,12.00
1.00,85.00,0.35,0.28,0.42,12.00
1.00,90.00,0.34,0.27,0.41,12.00
1.00,95.00,0.32,0.27,0.40,12.00
1.00,100.00,0.31,0.26,0.39,12.00
1.00,105.00,0.30,0.26,0.37,12.00
1.00,5.00,0.02,0.09,0.00,13.00
1.00,10.00,0.07,0.18,0.06,13.00
1.00,15.00,0.10,0.19,0.13,13.00
1.00,20.00,0.12,0.21,0.20,13.00
1.00,25.00,0.16,0.22,0.24,13.00
1.00,30.00,0.24,0.24,0.30,13.00
1.00,35.00,0.27,0.25,0.33,13.00
1.00,40.00,0.30,0.26,0.36,13.00
1.00,45.00,0.30,0.25,0.36,13.00
1.00,50.00,0.30,0.25,0.36,13.00
1.00,55.00,0.30,0.24,0.36,13.00
1.00,60.00,0.29,0.23,0.36,13.00
1.00,65.00,0.29,0.23,0.35,13.00
1.00,70.00,0.28,0.22,0.35,13.00
1.00,75.00,0.28,0.21,0.34,13.00
1.00,80.00,0.28,0.21,0.33,13.00
1.00,85.00,0.28,0.21,0.34,13.00
1.00,90.00,0.28,0.21,0.33,13.00
1.00,95.00,0.27,0.21,0.33,13.00
1.00,100.00,0.27,0.21,0.32,13.00
1.00,105.00,0.26,0.21,0.32,13.00
1.00,5.00,0.21,0.56,0.01,14.00
1.00,10.00,0.22,0.47,0.13,14.00
1.00,15.00,0.23,0.39,0.17,14.00
1.00,20.00,0.22,0.35,0.24,14.00
1.00,25.00,0.24,0.34,0.30,14.00
1.00,30.00,0.29,0.33,0.34,14.00
1.00,35.00,0.33,0.31,0.36,14.00
1.00,40.00,0.35,0.29,0.38,14.00
1.00,45.00,0.34,0.26,0.36,14.00
1.00,50.00,0.35,0.26,0.37,14.00
1.00,55.00,0.34,0.26,0.37,14.00
1.00,60.00,0.34,0.25,0.37,14.00
1.00,65.00,0.33,0.25,0.38,14.00
1.00,70.00,0.34,0.26,0.38,14.00
1.00,75.00,0.33,0.26,0.39,14.00
1.00,80.00,0.33,0.26,0.40,14.00
1.00,85.00,0.33,0.26,0.40,14.00
1.00,90.00,0.34,0.27,0.40,14.00
1.00,95.00,0.34,0.27,0.41,14.00
1.00,100.00,0.33,0.27,0.40,14.00
1.00,105.00,0.33,0.27,0.40,14.00
1.00,5.00,0.08,0.35,0.00,15.00
1.00,10.00,0.13,0.37,0.07,15.00
1.00,15.00,0.13,0.32,0.12,15.00
1.00,20.00,0.13,0.25,0.14,15.00
1.00,25.00,0.16,0.24,0.19,15.00
1.00,30.00,0.21,0.24,0.24,15.00
1.00,35.00,0.25,0.25,0.27,15.00
1.00,40.00,0.28,0.25,0.30,15.00
1.00,45.00,0.28,0.24,0.31,15.00
1.00,50.00,0.28,0.23,0.32,15.00
1.00,55.00,0.29,0.23,0.33,15.00
1.00,60.00,0.28,0.22,0.32,15.00
1.00,65.00,0.28,0.22,0.33,15.00
1.00,70.00,0.28,0.21,0.33,15.00
1.00,75.00,0.28,0.20,0.33,15.00
1.00,80.00,0.28,0.20,0.33,15.00
1.00,85.00,0.28,0.20,0.33,15.00
1.00,90.00,0.28,0.20,0.33,15.00
1.00,95.00,0.27,0.20,0.33,15.00
1.00,100.00,0.28,0.20,0.33,15.00
1.00,105.00,0.27,0.20,0.33,15.00
1.00,5.00,0.13,0.32,0.01,16.00
1.00,10.00,0.21,0.40,0.08,16.00
1.00,15.00,0.21,0.36,0.17,16.00
1.00,20.00,0.19,0.32,0.22,16.00
1.00,25.00,0.24,0.33,0.30,16.00
1.00,30.00,0.27,0.30,0.32,16.00
1.00,35.00,0.31,0.28,0.34,16.00
1.00,40.00,0.33,0.28,0.36,16.00
1.00,45.00,0.36,0.28,0.38,16.00
1.00,50.00,0.37,0.28,0.41,16.00
1.00,55.00,0.37,0.28,0.42,16.00
1.00,60.00,0.37,0.28,0.42,16.00
1.00,65.00,0.37,0.28,0.43,16.00
1.00,70.00,0.37,0.28,0.43,16.00
1.00,75.00,0.36,0.28,0.43,16.00
1.00,80.00,0.36,0.28,0.42,16.00
1.00,85.00,0.35,0.27,0.42,16.00
1.00,90.00,0.34,0.27,0.42,16.00
1.00,95.00,0.33,0.26,0.41,16.00
1.00,100.00,0.32,0.26,0.40,16.00
1.00,105.00,0.31,0.25,0.39,16.00
1.00,5.00,0.03,0.11,0.00,17.00
1.00,10.00,0.08,0.19,0.07,17.00
1.00,15.00,0.11,0.19,0.14,17.00
1.00,20.00,0.11,0.20,0.19,17.00
1.00,25.00,0.15,0.22,0.24,17.00
1.00,30.00,0.23,0.24,0.29,17.00
1.00,35.00,0.28,0.24,0.33,17.00
1.00,40.00,0.30,0.25,0.36,17.00
1.00,45.00,0.31,0.25,0.37,17.00
1.00,50.00,0.31,0.25,0.37,17.00
1.00,55.00,0.31,0.24,0.37,17.00
1.00,60.00,0.30,0.23,0.36,17.00
1.00,65.00,0.29,0.23,0.36,17.00
1.00,70.00,0.29,0.22,0.35,17.00
1.00,75.00,0.28,0.22,0.35,17.00
1.00,80.00,0.28,0.21,0.34,17.00
1.00,85.00,0.28,0.21,0.34,17.00
1.00,90.00,0.27,0.21,0.33,17.00
1.00,95.00,0.27,0.21,0.33,17.00
1.00,100.00,0.27,0.21,0.32,17.00
1.00,105.00,0.26,0.21,0.32,17.00
1.00,5.00,0.21,0.51,0.01,18.00
1.00,10.00,0.22,0.47,0.13,18.00
1.00,15.00,0.23,0.41,0.17,18.00
1.00,20.00,0.22,0.34,0.24,18.00
1.00,25.00,0.25,0.35,0.31,18.00
1.00,30.00,0.30,0.34,0.34,18.00
1.00,35.00,0.32,0.31,0.35,18.00
1.00,40.00,0.35,0.29,0.38,18.00
1.00,45.00,0.34,0.26,0.36,18.00
1.00,50.00,0.34,0.25,0.36,18.00
1.00,55.00,0.34,0.25,0.37,18.00
1.00,60.00,0.33,0.25,0.37,18.00
1.00,65.00,0.33,0.24,0.37,18.00
1.00,70.00,0.33,0.25,0.38,18.00
1.00,75.00,0.33,0.25,0.38,18.00
1.00,80.00,0.33,0.25,0.39,18.00
1.00,85.00,0.33,0.25,0.40,18.00
1.00,90.00,0.33,0.26,0.40,18.00
1.00,95.00,0.33,0.26,0.40,18.00
1.00,100.00,0.33,0.26,0.40,18.00
1.00,105.00,0.33,0.26,0.40,18.00
1.00,5.00,0.09,0.41,0.00,19.00
1.00,10.00,0.14,0.38,0.08,19.00
1.00,15.00,0.13,0.32,0.11,19.00
1.00,20.00,0.13,0.26,0.14,19.00
1.00,25.00,0.16,0.24,0.19,19.00
1.00,30.00,0.22,0.25,0.24,19.00
1.00,35.00,0.25,0.26,0.28,19.00
1.00,40.00,0.28,0.26,0.30,19.00
1.00,45.00,0.28,0.24,0.31,19.00
1.00,50.00,0.28,0.23,0.31,19.00
1.00,55.00,0.28,0.23,0.32,19.00
1.00,60.00,0.29,0.22,0.33,19.00
1.00,65.00,0.28,0.22,0.33,19.00
1.00,70.00,0.28,0.21,0.33,19.00
1.00,75.00,0.28,0.21,0.34,19.00
1.00,80.00,0.28,0.20,0.34,19.00
1.00,85.00,0.28,0.20,0.33,19.00
1.00,90.00,0.27,0.20,0.33,19.00
1.00,95.00,0.27,0.20,0.33,19.00
1.00,100.00,0.27,0.20,0.33,19.00
1.00,105.00,0.27,0.20,0.33,19.00
2.00,0.00,0.00,0.00,0.00,0.00
2.00,0.00,0.00,0.00,0.00,0.00
2.00,0.00,0.00,0.00,0.00,0.00
2.00,0.00,0.00,0.00,0.00,0.00
2.00,0.00,0.00,0.00,0.00,0.00
2.00,0.00,0.00,0.00,0.00,0.00
2.00,0.00,0.00,0.00,0.00,0.00
2.00,0.00,0.00,0.00,0.00,0.00
2.00,0.00,0.00,0.00,0.00,0.00
2.00,0.00,0.00,0.00,0.00,0.00
2.00,0.00,0.00,0.00,0.00,0.00
2.00,0.00,0.00,0.00,0.00,0.00
2.00,0.00,0.00,0.00,0.00,0.00
2.00,0.00,0.00,0.00,0.00,0.00
2.00,0.00,0.00,0.00,0.00,0.00
2.00,0.00,0.00,0.00,0.00,0.00
2.00,0.00,0.00,0.00,0.00,0.00
2.00,0.00,0.00,0.00,0.00,0.00
2.00,0.00,0.00,0.00,0.00,0.00
2.00,0.00,0.00,0.00,0.00,0.00
2.00,0.00,0.00,0.00,0.00,0.00
2.00,0.00,0.00,0.00,0.00,0.00
2.00,0.00,0.00,0.00,0.00,0.00
2.00,0.00,0.00,0.00,0.00,0.00
2.00,0.00,0.00,0.00,0.00,0.00
2.00,0.00,0.00,0.00,0.00,0.00
2.00,0.00,0.00,0.00,0.00,0.00
2.00,0.00,0.00,0.00,0.00,0.00
2.00,0.00,0.00,0.00,0.00,0.00
2.00,0.00,0.00,0.00,0.00,0.00
2.00,0.00,0.00,0.00,0.00,0.00
2.00,0.00,0.00,0.00,0.00,0.00
2.00,0.00,0.00,0.00,0.00,0.00
2.00,0.00,0.00,0.00,0.00,0.00
2.00,0.00,0.00,0.00,0.00,0.00
2.00,0.00,0.00,0.00,0.00,0.00
2.00,0.00,0.00,0.00,0.00,0.00
2.00,0.00,0.00,0.00,0.00,0.00
2.00,0.00,0.00,0.00,0.00,0.00
2.00,0.00,0.00,0.00,0.00,0.00
2.00,0.00,0.00,0.00,0.00,0.00
2.00,0.00,0.00,0.00,0.00,0.00
2.00,0.00,0.00,0.00,0.00,0.00
2.00,0.00,0.00,0.00,0.00,0.00
2.00,0.00,0.00,0.00,0.00,0.00
2.00,0.00,0.00,0.00,0.00,0.00
2.00,0.00,0.00,0.00,0.00,0.00
2.00,0.00,0.00,0.00,0.00,0.00
2.00,0.00,0.00,0.00,0.00,0.00
2.00,0.00,0.00,0.00,0.00,0.00
2.00,0.00,0.00,0.00,0.00,0.00
2.00,0.00,0.00,0.00,0.00,0.00
2.00,0.00,0.00,0.00,0.00,0.00
2.00,0.00,0.00,0.00,0.00,0.00
2.00,0.00,0.00,0.00,0.00,0.00
2.00,0.00,0.00,0.00,0.00,0.00
2.00,0.00,0.00,0.00,0.00,0.00
2.00,0.00,0.00,0.00,0.00,0.00
2.00,0.00,0.00,0.00,0.00,0.00
2.00,0.00,0.00,0.00,0.00,0.00
2.00,0.00,0.00,0.00,0.00,0.00
2.00,0.00,0.00,0.00,0.00,0.00
2.00,0.00,0.00,0.00,0.00,0.00
2.00,0.00,0.00,0.00,0.00,0.00
2.00,0.00,0.00,0.00,0.00,0.00
2.00,0.00,0.00,0.00,0.00,0.00
2.00,0.00,0.00,0.00,0.00,0.00
2.00,0.00,0.00,0.00,0.00,0.00
2.00,0.00,0.00,0.00,0.00,0.00
2.00,0.00,0.00,0.00,0.00,0.00
2.00,0.00,0.00,0.00,0.00,0.00
2.00,0.00,0.00,0.00,0.00,0.00
2.00,0.00,0.00,0.00,0.00,0.00
2.00,0.00,0.00,0.00,0.00,0.00
2.00,0.00,0.00,0.00,0.00,0.00
2.00,0.00,0.00,0.00,0.00,0.00
2.00,0.00,0.00,0.00,0.00,0.00
2.00,0.00,0.00,0.00,0.00,0.00
2.00,0.00,0.00,0.00,0.00,0.00
2.00,0.00,0.00,0.00,0.00,0.00
2.00,0.00,0.00,0.00,0.00,0.00
2.00,0.00,0.00,0.00,0.00,0.00
2.00,0.00,0.00,0.00,0.00,0.00
2.00,0.00,0.00,0.00,0.00,0.00
2.00,0.00,0.00,0.00,0.00,0.00
2.00,0.00,0.00,0.00,0.00,0.00
2.00,0.00,0.00,0.00,0.00,0.00
2.00,0.00,0.00,0.00,0.00,0.00
2.00,0.00,0.00,0.00,0.00,0.00
2.00,0.00,0.00,0.00,0.00,0.00
2.00,0.00,0.00,0.00,0.00,0.00
2.00,0.00,0.00,0.00,0.00,0.00
2.00,0.00,0.00,0.00,0.00,0.00
2.00,0.00,0.00,0.00,0.00,0.00
2.00,0.00,0.00,0.00,0.00,0.00
2.00,0.00,0.00,0.00,0.00,0.00
2.00,0.00,0.00,0.00,0.00,0.00
2.00,0.00,0.00,0.00,0.00,0.00
2.00,0.00,0.00,0.00,0.00,0.00
2.00,0.00,0.00,0.00,0.00,0.00
2.00,0.00,0.00,0.00,0.00,0.00
2.00,0.00,0.00,0.00,0.00,0.00
2.00,0.00,0.00,0.00,0.00,0.00
2.00,0.00,0.00,0.00,0.00,0.00
2.00,0.00,0.00,0.00,0.00,0.00
2.00,0.00,0.00,0.00,0.00,0.00
2.00,0.00,0.00,0.00,0.00,0.00
2.00,0.00,0.00,0.00,0.00,0.00
2.00,0.00,0.00,0.00,0.00,0.00
2.00,0.00,0.00,0.00,0.00,0.00
2.00,0.00,0.00,0.00,0.00,0.00
2.00,0.00,0.00,0.00,0.00,0.00
2.00,0.00,0.00,0.00,0.00,0.00
2.00,0.00,0.00,0.00,0.00,0.00
2.00,0.00,0.00,0.00,0.00,0.00
2.00,0.00,0.00,0.00,0.00,0.00
2.00,0.00,0.00,0.00,0.00,0.00
2.00,0.00,0.00,0.00,0.00,0.00
2.00,0.00,0.00,0.00,0.00,0.00
2.00,0.00,0.00,0.00,0.00,0.00
2.00,0.00,0.00,0.00,0.00,0.00
2.00,0.00,0.00,0.00,0.00,0.00
2.00,0.00,0.00,0.00,0.00,0.00
2.00,0.00,0.00,0.00,0.00,0.00
2.00,0.00,0.00,0.00,0.00,0.00
2.00,0.00,0.00,0.00,0.00,0.00
2.00,0.00,0.00,0.00,0.00,0.00
2.00,0.00,0.00,0.00,0.00,0.00
2.00,0.00,0.00,0.00,0.00,0.00
2.00,0.00,0.00,0.00,0.00,0.00
2.00,0.00,0.00,0.00,0.00,0.00
2.00,0.00,0.00,0.00,0.00,0.00
2.00,0.00,0.00,0.00,0.00,0.00
2.00,0.00,0.00,0.00,0.00,0.00
2.00,0.00,0.00,0.00,0.00,0.00
2.00,0.00,0.00,0.00,0.00,0.00
2.00,0.00,0.00,0.00,0.00,0.00
2.00,0.00,0.00,0.00,0.00,0.00
2.00,0.00,0.00,0.00,0.00,0.00
2.00,0.00,0.00,0.00,0.00,0.00
2.00,0.00,0.00,0.00,0.00,0.00
2.00,0.00,0.00,0.00,0.00,0.00
2.00,0.00,0.00,0.00,0.00,0.00
2.00,0.00,0.00,0.00,0.00,0.00
2.00,0.00,0.00,0.00,0.00,0.00
2.00,0.00,0.00,0.00,0.00,0.00
2.00,0.00,0.00,0.00,0.00,0.00
2.00,0.00,0.00,0.00,0.00,0.00
2.00,0.00,0.00,0.00,0.00,0.00
2.00,0.00,0.00,0.00,0.00,0.00
2.00,0.00,0.00,0.00,0.00,0.00
2.00,0.00,0.00,0.00,0.00,0.00
2.00,0.00,0.00,0.00,0.00,0.00
2.00,0.00,0.00,0.00,0.00,0.00
2.00,0.00,0.00,0.00,0.00,0.00
2.00,0.00,0.00,0.00,0.00,0.00
2.00,0.00,0.00,0.00,0.00,0.00
2.00,0.00,0.00,0.00,0.00,0.00
2.00,0.00,0.00,0.00,0.00,0.00
2.00,0.00,0.00,0.00,0.00,0.00
2.00,0.00,0.00,0.00,0.00,0.00
2.00,0.00,0.00,0.00,0.00,0.00
2.00,0.00,0.00,0.00,0.00,0.00
2.00,0.00,0.00,0.00,0.00,0.00
2.00,0.00,0.00,0.00,0.00,0.00
2.00,0.00,0.00,0.00,0.00,0.00
2.00,0.00,0.00,0.00,0.00,0.00
2.00,0.00,0.00,0.00,0.00,0.00
2.00,0.00,0.00,0.00,0.00,0.00
2.00,0.00,0.00,0.00,0.00,0.00
2.00,0.00,0.00,0.00,0.00,0.00
2.00,0.00,0.00,0.00,0.00,0.00
2.00,0.00,0.00,0.00,0.00,0.00
2.00,0.00,0.00,0.00,0.00,0.00
2.00,0.00,0.00,0.00,0.00,0.00
2.00,0.00,0.00,0.00,0.00,0.00
2.00,0.00,0.00,0.00,0.00,0.00
2.00,0.00,0.00,0.00,0.00,0.00
2.00,0.00,0.00,0.00,0.00,0.00
2.00,0.00,0.00,0.00,0.00,0.00
2.00,0.00,0.00,0.00,0.00,0.00
2.00,0.00,0.00,0.00,0.00,0.00
2.00,0.00,0.00,0.00,0.00,0.00
2.00,0.00,0.00,0.00,0.00,0.00
2.00,0.00,0.00,0.00,0.00,0.00
2.00,0.00,0.00,0.00,0.00,0.00
2.00,0.00,0.00,0.00,0.00,0.00
2.00,0.00,0.00,0.00,0.00,0.00
2.00,0.00,0.00,0.00,0.00,0.00
2.00,0.00,0.00,0.00,0.00,0.00
2.00,0.00,0.00,0.00,0.00,0.00
2.00,0.00,0.00,0.00,0.00,0.00
2.00,0.00,0.00,0.00,0.00,0.00
2.00,0.00,0.00,0.00,0.00,0.00
2.00,0.00,0.00,0.00,0.00,0.00
2.00,0.00,0.00,0.00,0.00,0.00
2.00,0.00,0.00,0.00,0.00,0.00
2.00,0.00,0.00,0.00,0.00,0.00
2.00,0.00,0.00,0.00,0.00,0.00
2.00,0.00,0.00,0.00,0.00,0.00
2.00,0.00,0.00,0.00,0.00,0.00
2.00,0.00,0.00,0.00,0.00,0.00
2.00,0.00,0.00,0.00,0.00,0.00
2.00,0.00,0.00,0.00,0.00,0.00
2.00,0.00,0.00,0.00,0.00,0.00
2.00,0.00,0.00,0.00,0.00,0.00
2.00,0.00,0.00,0.00,0.00,0.00
2.00,0.00,0.00,0.00,0.00,0.00
2.00,0.00,0.00,0.00,0.00,0.00
2.00,0.00,0.00,0.00,0.00,0.00
2.00,0.00,0.00,0.00,0.00,0.00
2.00,0.00,0.00,0.00,0.00,0.00
2.00,0.00,0.00,0.00,0.00,0.00
2.00,0.00,0.00,0.00,0.00,0.00
2.00,0.00,0.00,0.00,0.00,0.00
2.00,0.00,0.00,0.00,0.00,0.00
2.00,0.00,0.00,0.00,0.00,0.00
2.00,0.00,0.00,0.00,0.00,0.00
2.00,0.00,0.00,0.00,0.00,0.00
2.00,0.00,0.00,0.00,0.00,0.00
2.00,0.00,0.00,0.00,0.00,0.00
2.00,0.00,0.00,0.00,0.00,0.00
2.00,0.00,0.00,0.00,0.00,0.00
2.00,0.00,0.00,0.00,0.00,0.00
2.00,0.00,0.00,0.00,0.00,0.00
2.00,0.00,0.00,0.00,0.00,0.00
2.00,0.00,0.00,0.00,0.00,0.00
2.00,0.00,0.00,0.00,0.00,0.00
2.00,0.00,0.00,0.00,0.00,0.00
2.00,0.00,0.00,0.00,0.00,0.00
2.00,0.00,0.00,0.00,0.00,0.00
2.00,0.00,0.00,0.00,0.00,0.00
2.00,0.00,0.00,0.00,0.00,0.00
2.00,0.00,0.00,0.00,0.00,0.00
2.00,0.00,0.00,0.00,0.00,0.00
2.00,0.00,0.00,0.00,0.00,0.00
2.00,0.00,0.00,0.00,0.00,0.00
2.00,0.00,0.00,0.00,0.00,0.00
2.00,0.00,0.00,0.00,0.00,0.00
2.00,0.00,0.00,0.00,0.00,0.00
2.00,0.00,0.00,0.00,0.00,0.00
2.00,0.00,0.00,0.00,0.00,0.00
2.00,0.00,0.00,0.00,0.00,0.00
2.00,0.00,0.00,0.00,0.00,0.00
2.00,0.00,0.00,0.00,0.00,0.00
2.00,0.00,0.00,0.00,0.00,0.00
2.00,0.00,0.00,0.00,0.00,0.00
2.00,0.00,0.00,0.00,0.00,0.00
2.00,0.00,0.00,0.00,0.00,0.00
2.00,0.00,0.00,0.00,0.00,0.00
2.00,0.00,0.00,0.00,0.00,0.00
2.00,0.00,0.00,0.00,0.00,0.00
2.00,0.00,0.00,0.00,0.00,0.00
2.00,0.00,0.00,0.00,0.00,0.00
2.00,0.00,0.00,0.00,0.00,0.00
2.00,0.00,0.00,0.00,0.00,0.00
2.00,0.00,0.00,0.00,0.00,0.00
2.00,0.00,0.00,0.00,0.00,0.00
2.00,0.00,0.00,0.00,0.00,0.00
2.00,0.00,0.00,0.00,0.00,0.00
2.00,0.00,0.00,0.00,0.00,0.00
2.00,0.00,0.00,0.00,0.00,0.00
2.00,0.00,0.00,0.00,0.00,0.00
2.00,0.00,0.00,0.00,0.00,0.00
2.00,0.00,0.00,0.00,0.00,0.00
2.00,0.00,0.00,0.00,0.00,0.00
2.00,0.00,0.00,0.00,0.00,0.00
2.00,0.00,0.00,0.00,0.00,0.00
2.00,0.00,0.00,0.00,0.00,0.00
2.00,0.00,0.00,0.00,0.00,0.00
2.00,0.00,0.00,0.00,0.00,0.00
2.00,0.00,0.00,0.00,0.00,0.00
2.00,0.00,0.00,0.00,0.00,0.00
2.00,0.00,0.00,0.00,0.00,0.00
2.00,0.00,0.00,0.00,0.00,0.00
2.00,0.00,0.00,0.00,0.00,0.00
2.00,0.00,0.00,0.00,0.00,0.00
2.00,0.00,0.00,0.00,0.00,0.00
2.00,0.00,0.00,0.00,0.00,0.00
2.00,0.00,0.00,0.00,0.00,0.00
2.00,0.00,0.00,0.00,0.00,0.00
2.00,0.00,0.00,0.00,0.00,0.00
2.00,0.00,0.00,0.00,0.00,0.00
2.00,0.00,0.00,0.00,0.00,0.00
2.00,0.00,0.00,0.00,0.00,0.00
2.00,0.00,0.00,0.00,0.00,0.00
2.00,0.00,0.00,0.00,0.00,0.00
2.00,0.00,0.00,0.00,0.00,0.00
2.00,0.00,0.00,0.00,0.00,0.00
2.00,0.00,0.00,0.00,0.00,0.00
2.00,0.00,0.00,0.00,0.00,0.00
2.00,0.00,0.00,0.00,0.00,0.00
2.00,0.00,0.00,0.00,0.00,0.00
2.00,0.00,0.00,0.00,0.00,0.00
2.00,0.00,0.00,0.00,0.00,0.00
2.00,0.00,0.00,0.00,0.00,0.00
2.00,0.00,0.00,0.00,0.00,0.00
2.00,0.00,0.00,0.00,0.00,0.00
2.00,0.00,0.00,0.00,0.00,0.00
2.00,0.00,0.00,0.00,0.00,0.00
2.00,0.00,0.00,0.00,0.00,0.00
2.00,0.00,0.00,0.00,0.00,0.00
2.00,0.00,0.00,0.00,0.00,0.00
2.00,0.00,0.00,0.00,0.00,0.00
2.00,0.00,0.00,0.00,0.00,0.00
2.00,0.00,0.00,0.00,0.00,0.00
2.00,0.00,0.00,0.00,0.00,0.00
2.00,0.00,0.00,0.00,0.00,0.00
2.00,0.00,0.00,0.00,0.00,0.00
2.00,0.00,0.00,0.00,0.00,0.00
2.00,0.00,0.00,0.00,0.00,0.00
2.00,0.00,0.00,0.00,0.00,0.00
2.00,0.00,0.00,0.00,0.00,0.00
2.00,0.00,0.00,0.00,0.00,0.00
2.00,0.00,0.00,0.00,0.00,0.00
2.00,0.00,0.00,0.00,0.00,0.00
2.00,0.00,0.00,0.00,0.00,0.00
2.00,0.00,0.00,0.00,0.00,0.00
2.00,0.00,0.00,0.00,0.00,0.00
2.00,0.00,0.00,0.00,0.00,0.00
2.00,0.00,0.00,0.00,0.00,0.00
2.00,0.00,0.00,0.00,0.00,0.00
2.00,0.00,0.00,0.00,0.00,0.00
2.00,0.00,0.00,0.00,0.00,0.00
2.00,0.00,0.00,0.00,0.00,0.00
2.00,0.00,0.00,0.00,0.00,0.00
2.00,0.00,0.00,0.00,0.00,0.00
2.00,0.00,0.00,0.00,0.00,0.00
2.00,0.00,0.00,0.00,0.00,0.00
2.00,0.00,0.00,0.00,0.00,0.00
2.00,0.00,0.00,0.00,0.00,0.00
2.00,0.00,0.00,0.00,0.00,0.00
2.00,0.00,0.00,0.00,0.00,0.00
2.00,0.00,0.00,0.00,0.00,0.00
2.00,0.00,0.00,0.00,0.00,0.00
2.00,0.00,0.00,0.00,0.00,0.00
2.00,0.00,0.00,0.00,0.00,0.00
2.00,0.00,0.00,0.00,0.00,0.00
2.00,0.00,0.00,0.00,0.00,0.00
2.00,0.00,0.00,0.00,0.00,0.00
2.00,0.00,0.00,0.00,0.00,0.00
2.00,0.00,0.00,0.00,0.00,0.00
2.00,0.00,0.00,0.00,0.00,0.00
2.00,0.00,0.00,0.00,0.00,0.00
2.00,0.00,0.00,0.00,0.00,0.00
2.00,0.00,0.00,0.00,0.00,0.00
2.00,0.00,0.00,0.00,0.00,0.00
2.00,0.00,0.00,0.00,0.00,0.00
2.00,0.00,0.00,0.00,0.00,0.00
2.00,0.00,0.00,0.00,0.00,0.00
2.00,0.00,0.00,0.00,0.00,0.00
2.00,0.00,0.00,0.00,0.00,0.00
2.00,0.00,0.00,0.00,0.00,0.00
2.00,0.00,0.00,0.00,0.00,0.00
2.00,0.00,0.00,0.00,0.00,0.00
2.00,0.00,0.00,0.00,0.00,0.00
2.00,0.00,0.00,0.00,0.00,0.00
2.00,0.00,0.00,0.00,0.00,0.00
2.00,0.00,0.00,0.00,0.00,0.00
2.00,0.00,0.00,0.00,0.00,0.00
2.00,0.00,0.00,0.00,0.00,0.00
2.00,0.00,0.00,0.00,0.00,0.00
2.00,0.00,0.00,0.00,0.00,0.00
2.00,0.00,0.00,0.00,0.00,0.00
2.00,0.00,0.00,0.00,0.00,0.00
2.00,0.00,0.00,0.00,0.00,0.00
2.00,0.00,0.00,0.00,0.00,0.00
2.00,0.00,0.00,0.00,0.00,0.00
2.00,0.00,0.00,0.00,0.00,0.00
2.00,0.00,0.00,0.00,0.00,0.00
2.00,0.00,0.00,0.00,0.00,0.00
2.00,0.00,0.00,0.00,0.00,0.00
2.00,0.00,0.00,0.00,0.00,0.00
2.00,0.00,0.00,0.00,0.00,0.00
2.00,0.00,0.00,0.00,0.00,0.00
2.00,0.00,0.00,0.00,0.00,0.00
2.00,0.00,0.00,0.00,0.00,0.00
2.00,0.00,0.00,0.00,0.00,0.00
2.00,0.00,0.00,0.00,0.00,0.00
2.00,0.00,0.00,0.00,0.00,0.00
2.00,0.00,0.00,0.00,0.00,0.00
2.00,0.00,0.00,0.00,0.00,0.00
2.00,0.00,0.00,0.00,0.00,0.00
2.00,0.00,0.00,0.00,0.00,0.00
2.00,0.00,0.00,0.00,0.00,0.00
2.00,0.00,0.00,0.00,0.00,0.00
2.00,0.00,0.00,0.00,0.00,0.00
2.00,0.00,0.00,0.00,0.00,0.00
2.00,0.00,0.00,0.00,0.00,0.00
2.00,0.00,0.00,0.00,0.00,0.00
2.00,0.00,0.00,0.00,0.00,0.00
2.00,0.00,0.00,0.00,0.00,0.00
2.00,0.00,0.00,0.00,0.00,0.00
2.00,0.00,0.00,0.00,0.00,0.00
2.00,0.00,0.00,0.00,0.00,0.00
2.00,0.00,0.00,0.00,0.00,0.00
2.00,0.00,0.00,0.00,0.00,0.00
2.00,0.00,0.00,0.00,0.00,0.00
2.00,0.00,0.00,0.00,0.00,0.00
2.00,0.00,0.00,0.00,0.00,0.00
2.00,0.00,0.00,0.00,0.00,0.00
2.00,0.00,0.00,0.00,0.00,0.00
2.00,0.00,0.00,0.00,0.00,0.00
2.00,0.00,0.00,0.00,0.00,0.00
2.00,0.00,0.00,0.00,0.00,0.00
2.00,0.00,0.00,0.00,0.00,0.00
2.00,0.00,0.00,0.00,0.00,0.00
2.00,0.00,0.00,0.00,0.00,0.00
2.00,0.00,0.00,0.00,0.00,0.00
2.00,0.00,0.00,0.00,0.00,0.00
2.00,0.00,0.00,0.00,0.00,0.00
2.00,0.00,0.00,0.00,0.00,0.00
2.00,0.00,0.00,0.00,0.00,0.00
2.00,0.00,0.00,0.00,0.00,0.00
2.00,0.00,0.00,0.00,0.00,0.00
2.00,0.00,0.00,0.00,0.00,0.00
2.00,0.00,0.00,0.00,0.00,0.00
2.00,0.00,0.00,0.00,0.00,0.00
2.00,0.00,0.00,0.00,0.00,0.00
2.00,0.00,0.00,0.00,0.00,0.00
3.00,5.00,0.16,0.39,0.01,0.00
3.00,10.00,0.21,0.52,0.14,0.00
3.00,15.00,0.29,0.49,0.23,0.00
3.00,20.00,0.36,0.51,0.33,0.00
3.00,25.00,0.42,0.52,0.41,0.00
3.00,30.00,0.51,0.54,0.48,0.00
3.00,35.00,0.57,0.54,0.53,0.00
3.00,40.00,0.59,0.54,0.57,0.00
3.00,45.00,0.60,0.53,0.59,0.00
3.00,50.00,0.61,0.52,0.62,0.00
3.00,55.00,0.61,0.51,0.65,0.00
3.00,60.00,0.62,0.51,0.66,0.00
3.00,65.00,0.61,0.49,0.67,0.00
3.00,70.00,0.60,0.48,0.68,0.00
3.00,75.00,0.60,0.47,0.69,0.00
3.00,80.00,0.59,0.48,0.70,0.00
3.00,85.00,0.59,0.47,0.70,0.00
3.00,90.00,0.58,0.47,0.71,0.00
3.00,95.00,0.58,0.47,0.71,0.00
3.00,100.00,0.57,0.47,0.71,0.00
3.00,105.00,0.57,0.47,0.71,0.00
3.00,5.00,0.17,0.41,0.01,1.00
3.00,10.00,0.21,0.50,0.14,1.00
3.00,15.00,0.30,0.47,0.24,1.00
3.00,20.00,0.37,0.50,0.34,1.00
3.00,25.00,0.42,0.51,0.41,1.00
3.00,30.00,0.50,0.52,0.47,1.00
3.00,35.00,0.55,0.53,0.53,1.00
3.00,40.00,0.58,0.53,0.57,1.00
3.00,45.00,0.60,0.53,0.60,1.00
3.00,50.00,0.61,0.51,0.63,1.00
3.00,55.00,0.61,0.50,0.64,1.00
3.00,60.00,0.61,0.49,0.66,1.00
3.00,65.00,0.61,0.48,0.68,1.00
3.00,70.00,0.60,0.47,0.69,1.00
3.00,75.00,0.60,0.46,0.69,1.00
3.00,80.00,0.59,0.46,0.70,1.00
3.00,85.00,0.59,0.46,0.71,1.00
3.00,90.00,0.59,0.46,0.71,1.00
3.00,95.00,0.58,0.46,0.71,1.00
3.00,100.00,0.57,0.46,0.71,1.00
3.00,105.00,0.57,0.46,0.71,1.00
3.00,5.00,0.14,0.39,0.00,2.00
3.00,10.00,0.22,0.53,0.15,2.00
3.00,15.00,0.30,0.53,0.24,2.00
3.00,20.00,0.34,0.50,0.32,2.00
3.00,25.00,0.40,0.50,0.39,2.00
3.00,30.00,0.46,0.47,0.43,2.00
3.00,35.00,0.50,0.47,0.48,2.00
3.00,40.00,0.52,0.46,0.52,2.00
3.00,45.00,0.54,0.45,0.54,2.00
3.00,50.00,0.54,0.45,0.58,2.00
3.00,55.00,0.54,0.44,0.60,2.00
3.00,60.00,0.56,0.45,0.62,2.00
3.00,65.00,0.56,0.44,0.63,2.00
3.00,70.00,0.56,0.44,0.65,2.00
3.00,75.00,0.56,0.45,0.66,2.00
3.00,80.00,0.57,0.45,0.67,2.00
3.00,85.00,0.57,0.45,0.68,2.00
3.00,90.00,0.57,0.45,0.69,2.00
3.00,95.00,0.57,0.45,0.69,2.00
3.00,100.00,0.57,0.45,0.70,2.00
3.00,105.00,0.57,0.46,0.71,2.00
3.00,5.00,0.07,0.57,0.00,3.00
3.00,10.00,0.12,0.59,0.11,3.00
3.00,15.00,0.26,0.55,0.23,3.00
3.00,20.00,0.30,0.49,0.32,3.00
3.00,25.00,0.35,0.46,0.38,3.00
3.00,30.00,0.41,0.44,0.42,3.00
3.00,35.00,0.46,0.44,0.47,3.00
3.00,40.00,0.50,0.43,0.51,3.00
3.00,45.00,0.52,0.44,0.54,3.00
3.00,50.00,0.53,0.44,0.57,3.00
3.00,55.00,0.54,0.43,0.59,3.00
3.00,60.00,0.55,0.44,0.61,3.00
3.00,65.00,0.55,0.45,0.63,3.00
3.00,70.00,0.56,0.45,0.64,3.00
3.00,75.00,0.56,0.45,0.65,3.00
3.00,80.00,0.56,0.46,0.66,3.00
3.00,85.00,0.56,0.46,0.67,3.00
3.00,90.00,0.56,0.46,0.68,3.00
3.00,95.00,0.56,0.46,0.68,3.00
3.00,100.00,0.56,0.46,0.68,3.00
3.00,105.00,0.56,0.47,0.69,3.00
3.00,5.00,0.16,0.33,0.01,4.00
3.00,10.00,0.26,0.51,0.16,4.00
3.00,15.00,0.35,0.54,0.25,4.00
3.00,20.00,0.46,0.56,0.36,4.00
3.00,25.00,0.52,0.59,0.46,4.00
3.00,30.00,0.58,0.59,0.51,4.00
3.00,35.00,0.59,0.58,0.54,4.00
3.00,40.00,0.61,0.57,0.58,4.00
3.00,45.00,0.62,0.56,0.61,4.00
3.00,50.00,0.63,0.56,0.62,4.00
3.00,55.00,0.64,0.55,0.65,4.00
3.00,60.00,0.64,0.56,0.66,4.00
3.00,65.00,0.64,0.55,0.68,4.00
3.00,70.00,0.64,0.54,0.69,4.00
3.00,75.00,0.63,0.54,0.70,4.00
3.00,80.00,0.62,0.54,0.71,4.00
3.00,85.00,0.62,0.53,0.72,4.00
3.00,90.00,0.62,0.53,0.73,4.00
3.00,95.00,0.62,0.52,0.73,4.00
3.00,100.00,0.61,0.52,0.74,4.00
3.00,105.00,0.61,0.51,0.74,4.00
3.00,5.00,0.41,0.67,0.01,5.00
3.00,10.00,0.38,0.68,0.19,5.00
3.00,15.00,0.46,0.68,0.29,5.00
3.00,20.00,0.51,0.65,0.41,5.00
3.00,25.00,0.54,0.63,0.47,5.00
3.00,30.00,0.56,0.60,0.51,5.00
3.00,35.00,0.58,0.58,0.54,5.00
3.00,40.00,0.61,0.58,0.59,5.00
3.00,45.00,0.62,0.58,0.61,5.00
3.00,50.00,0.62,0.56,0.63,5.00
3.00,55.00,0.62,0.55,0.66,5.00
3.00,60.00,0.61,0.54,0.67,5.00
3.00,65.00,0.62,0.54,0.68,5.00
3.00,70.00,0.61,0.54,0.68,5.00
3.00,75.00,0.61,0.53,0.69,5.00
3.00,80.00,0.60,0.53,0.70,5.00
3.00,85.00,0.60,0.52,0.71,5.00
3.00,90.00,0.60,0.52,0.71,5.00
3.00,95.00,0.59,0.51,0.71,5.00
3.00,100.00,0.59,0.51,0.71,5.00
3.00,105.00,0.59,0.51,0.71,5.00
3.00,5.00,0.14,0.39,0.01,6.00
3.00,10.00,0.22,0.54,0.15,6.00
3.00,15.00,0.31,0.56,0.23,6.00
3.00,20.00,0.35,0.51,0.31,6.00
3.00,25.00,0.41,0.50,0.40,6.00
3.00,30.00,0.48,0.48,0.44,6.00
3.00,35.00,0.51,0.48,0.48,6.00
3.00,40.00,0.53,0.47,0.52,6.00
3.00,45.00,0.54,0.46,0.55,6.00
3.00,50.00,0.54,0.45,0.58,6.00
3.00,55.00,0.55,0.45,0.60,6.00
3.00,60.00,0.56,0.45,0.62,6.00
3.00,65.00,0.55,0.45,0.63,6.00
3.00,70.00,0.56,0.45,0.64,6.00
3.00,75.00,0.56,0.45,0.65,6.00
3.00,80.00,0.56,0.45,0.67,6.00
3.00,85.00,0.57,0.45,0.68,6.00
3.00,90.00,0.57,0.46,0.69,6.00
3.00,95.00,0.57,0.45,0.69,6.00
3.00,100.00,0.57,0.46,0.70,6.00
3.00,105.00,0.57,0.46,0.70,6.00
3.00,5.00,0.07,0.59,0.00,7.00
3.00,10.00,0.13,0.60,0.12,7.00
3.00,15.00,0.26,0.54,0.24,7.00
3.00,20.00,0.31,0.50,0.32,7.00
3.00,25.00,0.37,0.48,0.39,7.00
3.00,30.00,0.42,0.46,0.42,7.00
3.00,35.00,0.46,0.45,0.47,7.00
3.00,40.00,0.50,0.45,0.51,7.00
3.00,45.00,0.52,0.45,0.54,7.00
3.00,50.00,0.54,0.45,0.57,7.00
3.00,55.00,0.54,0.44,0.59,7.00
3.00,60.00,0.55,0.44,0.61,7.00
3.00,65.00,0.55,0.45,0.62,7.00
3.00,70.00,0.56,0.46,0.64,7.00
3.00,75.00,0.57,0.46,0.65,7.00
3.00,80.00,0.57,0.47,0.66,7.00
3.00,85.00,0.57,0.47,0.67,7.00
3.00,90.00,0.57,0.47,0.68,7.00
3.00,95.00,0.56,0.47,0.68,7.00
3.00,100.00,0.56,0.47,0.68,7.00
3.00,105.00,0.56,0.47,0.69,7.00
3.00,5.00,0.14,0.35,0.00,8.00
3.00,10.00,0.24,0.53,0.15,8.00
3.00,15.00,0.38,0.55,0.25,8.00
3.00,20.00,0.46,0.56,0.36,8.00
3.00,25.00,0.53,0.59,0.46,8.00
3.00,30.00,0.58,0.59,0.51,8.00
3.00,35.00,0.59,0.58,0.52,8.00
3.00,40.00,0.62,0.57,0.57,8.00
3.00,45.00,0.63,0.56,0.60,8.00
3.00,50.00,0.63,0.55,0.62,8.00
3.00,55.00,0.64,0.55,0.64,8.00
3.00,60.00,0.65,0.55,0.66,8.00
3.00,65.00,0.64,0.55,0.67,8.00
3.00,70.00,0.63,0.54,0.69,8.00
3.00,75.00,0.63,0.54,0.70,8.00
3.00,80.00,0.63,0.53,0.71,8.00
3.00,85.00,0.62,0.53,0.71,8.00
3.00,90.00,0.62,0.52,0.72,8.00
3.00,95.00,0.61,0.52,0.73,8.00
3.00,100.00,0.61,0.52,0.74,8.00
3.00,105.00,0.61,0.51,0.74,8.00
3.00,5.00,0.46,0.68,0.01,9.00
3.00,10.00,0.42,0.67,0.19,9.00
3.00,15.00,0.49,0.68,0.30,9.00
3.00,20.00,0.52,0.64,0.40,9.00
3.00,25.00,0.54,0.63,0.47,9.00
3.00,30.00,0.56,0.59,0.50,9.00
3.00,35.00,0.59,0.58,0.54,9.00
3.00,40.00,0.61,0.58,0.58,9.00
3.00,45.00,0.63,0.57,0.61,9.00
3.00,50.00,0.62,0.56,0.63,9.00
3.00,55.00,0.63,0.55,0.66,9.00
3.00,60.00,0.62,0.55,0.67,9.00
3.00,65.00,0.62,0.54,0.68,9.00
3.00,70.00,0.62,0.54,0.68,9.00
3.00,75.00,0.61,0.53,0.69,9.00
3.00,80.00,0.61,0.53,0.70,9.00
3.00,85.00,0.60,0.53,0.71,9.00
3.00,90.00,0.60,0.52,0.71,9.00
3.00,95.00,0.60,0.52,0.71,9.00
3.00,100.00,0.59,0.52,0.71,9.00
3.00,105.00,0.59,0.52,0.71,9.00
3.00,5.00,0.16,0.36,0.00,10.00
3.00,10.00,0.26,0.54,0.15,10.00
3.00,15.00,0.36,0.56,0.24,10.00
3.00,20.00,0.39,0.52,0.32,10.00
3.00,25.00,0.43,0.51,0.39,10.00
3.00,30.00,0.48,0.48,0.44,10.00
3.00,35.00,0.52,0.48,0.48,10.00
3.00,40.00,0.54,0.47,0.52,10.00
3.00,45.00,0.55,0.46,0.54,10.00
3.00,50.00,0.55,0.46,0.57,10.00
3.00,55.00,0.55,0.45,0.59,10.00
3.00,60.00,0.56,0.45,0.61,10.00
3.00,65.00,0.56,0.45,0.63,10.00
3.00,70.00,0.56,0.45,0.64,10.00
3.00,75.00,0.57,0.45,0.65,10.00
3.00,80.00,0.57,0.45,0.66,10.00
3.00,85.00,0.57,0.45,0.67,10.00
3.00,90.00,0.57,0.45,0.68,10.00
3.00,95.00,0.57,0.45,0.69,10.00
3.00,100.00,0.57,0.46,0.69,10.00
3.00,105.00,0.57,0.46,0.70,10.00
3.00,5.00,0.08,0.62,0.00,11.00
3.00,10.00,0.18,0.60,0.11,11.00
3.00,15.00,0.29,0.56,0.23,11.00
3.00,20.00,0.33,0.51,0.32,11.00
3.00,25.00,0.37,0.49,0.39,11.00
3.00,30.00,0.42,0.47,0.42,11.00
3.00,35.00,0.47,0.45,0.46,11.00
3.00,40.00,0.50,0.45,0.51,11.00
3.00,45.00,0.53,0.46,0.54,11.00
3.00,50.00,0.55,0.46,0.57,11.00
3.00,55.00,0.55,0.45,0.59,11.00
3.00,60.00,0.56,0.45,0.61,11.00
3.00,65.00,0.56,0.45,0.62,11.00
3.00,70.00,0.57,0.46,0.63,11.00
3.00,75.00,0.57,0.47,0.65,11.00
3.00,80.00,0.57,0.47,0.66,11.00
3.00,85.00,0.57,0.47,0.67,11.00
3.00,90.00,0.57,0.47,0.68,11.00
3.00,95.00,0.57,0.48,0.68,11.00
3.00,100.00,0.56,0.48,0.69,11.00
3.00,105.00,0.56,0.48,0.69,11.00
3.00,5.00,0.16,0.27,0.01,12.00
3.00,10.00,0.25,0.50,0.13,12.00
3.00,15.00,0.39,0.55,0.26,12.00
3.00,20.00,0.47,0.57,0.37,12.00
3.00,25.00,0.54,0.59,0.47,12.00
3.00,30.00,0.58,0.59,0.52,12.00
3.00,35.00,0.61,0.58,0.55,12.00
3.00,40.00,0.62,0.56,0.59,12.00
3.00,45.00,0.63,0.55,0.60,12.00
3.00,50.00,0.64,0.55,0.63,12.00
3.00,55.00,0.65,0.55,0.66,12.00
3.00,60.00,0.65,0.55,0.67,12.00
3.00,65.00,0.64,0.54,0.68,12.00
3.00,70.00,0.64,0.54,0.69,12.00
3.00,75.00,0.63,0.53,0.70,12.00
3.00,80.00,0.62,0.53,0.71,12.00
3.00,85.00,0.62,0.52,0.72,12.00
3.00,90.00,0.62,0.52,0.73,12.00
3.00,95.00,0.61,0.52,0.74,12.00
3.00,100.00,0.61,0.51,0.74,12.00
3.00,105.00,0.60,0.51,0.74,12.00
3.00,5.00,0.38,0.66,0.01,13.00
3.00,10.00,0.43,0.67,0.18,13.00
3.00,15.00,0.47,0.66,0.30,13.00
3.00,20.00,0.51,0.62,0.41,13.00
3.00,25.00,0.53,0.60,0.46,13.00
3.00,30.00,0.56,0.58,0.50,13.00
3.00,35.00,0.59,0.57,0.55,13.00
3.00,40.00,0.60,0.56,0.58,13.00
3.00,45.00,0.62,0.55,0.60,13.00
3.00,50.00,0.62,0.54,0.63,13.00
3.00,55.00,0.62,0.54,0.66,13.00
3.00,60.00,0.62,0.54,0.67,13.00
3.00,65.00,0.62,0.53,0.68,13.00
3.00,70.00,0.61,0.53,0.68,13.00
3.00,75.00,0.61,0.52,0.69,13.00
3.00,80.00,0.60,0.52,0.70,13.00
3.00,85.00,0.60,0.52,0.71,13.00
3.00,90.00,0.59,0.52,0.71,13.00
3.00,95.00,0.59,0.51,0.71,13.00
3.00,100.00,0.59,0.51,0.71,13.00
3.00,105.00,0.59,0.51,0.71,13.00
3.00,5.00,0.17,0.41,0.00,14.00
3.00,10.00,0.23,0.51,0.14,14.00
3.00,15.00,0.33,0.55,0.25,14.00
3.00,20.00,0.35,0.49,0.32,14.00
3.00,25.00,0.41,0.50,0.40,14.00
3.00,30.00,0.46,0.46,0.44,14.00
3.00,35.00,0.51,0.47,0.49,14.00
3.00,40.00,0.53,0.45,0.52,14.00
3.00,45.00,0.54,0.45,0.55,14.00
3.00,50.00,0.55,0.44,0.58,14.00
3.00,55.00,0.55,0.44,0.60,14.00
3.00,60.00,0.55,0.44,0.62,14.00
3.00,65.00,0.55,0.44,0.63,14.00
3.00,70.00,0.56,0.44,0.65,14.00
3.00,75.00,0.55,0.44,0.66,14.00
3.00,80.00,0.56,0.44,0.67,14.00
3.00,85.00,0.56,0.44,0.68,14.00
3.00,90.00,0.56,0.44,0.69,14.00
3.00,95.00,0.56,0.44,0.70,14.00
3.00,100.00,0.56,0.44,0.70,14.00
3.00,105.00,0.56,0.45,0.71,14.00
3.00,5.00,0.11,0.55,0.00,15.00
3.00,10.00,0.15,0.57,0.13,15.00
3.00,15.00,0.27,0.53,0.23,15.00
3.00,20.00,0.32,0.49,0.33,15.00
3.00,25.00,0.36,0.46,0.38,15.00
3.00,30.00,0.41,0.43,0.42,15.00
3.00,35.00,0.47,0.43,0.46,15.00
3.00,40.00,0.50,0.43,0.51,15.00
3.00,45.00,0.52,0.44,0.53,15.00
3.00,50.00,0.53,0.43,0.57,15.00
3.00,55.00,0.54,0.44,0.59,15.00
3.00,60.00,0.55,0.44,0.61,15.00
3.00,65.00,0.55,0.44,0.63,15.00
3.00,70.00,0.56,0.45,0.64,15.00
3.00,75.00,0.56,0.46,0.65,15.00
3.00,80.00,0.56,0.46,0.66,15.00
3.00,85.00,0.56,0.47,0.67,15.00
3.00,90.00,0.56,0.47,0.68,15.00
3.00,95.00,0.56,0.47,0.68,15.00
3.00,100.00,0.56,0.47,0.69,15.00
3.00,105.00,0.56,0.47,0.69,15.00
3.00,5.00,0.17,0.31,0.01,16.00
3.00,10.00,0.25,0.50,0.15,16.00
3.00,15.00,0.38,0.54,0.26,16.00
3.00,20.00,0.47,0.57,0.38,16.00
3.00,25.00,0.53,0.59,0.46,16.00
3.00,30.00,0.58,0.59,0.51,16.00
3.00,35.00,0.61,0.58,0.55,16.00
3.00,40.00,0.62,0.57,0.59,16.00
3.00,45.00,0.63,0.56,0.60,16.00
3.00,50.00,0.63,0.55,0.63,16.00
3.00,55.00,0.64,0.55,0.65,16.00
3.00,60.00,0.64,0.55,0.67,16.00
3.00,65.00,0.64,0.55,0.68,16.00
3.00,70.00,0.63,0.54,0.69,16.00
3.00,75.00,0.63,0.53,0.70,16.00
3.00,80.00,0.62,0.53,0.71,16.00
3.00,85.00,0.62,0.52,0.72,16.00
3.00,90.00,0.62,0.52,0.73,16.00
3.00,95.00,0.61,0.52,0.73,16.00
3.00,100.00,0.61,0.51,0.74,16.00
3.00,105.00,0.60,0.51,0.74,16.00
3.00,5.00,0.45,0.69,0.02,17.00
3.00,10.00,0.44,0.68,0.19,17.00
3.00,15.00,0.49,0.68,0.31,17.00
3.00,20.00,0.51,0.63,0.40,17.00
3.00,25.00,0.54,0.61,0.46,17.00
3.00,30.00,0.56,0.58,0.50,17.00
3.00,35.00,0.59,0.57,0.54,17.00
3.00,40.00,0.61,0.57,0.59,17.00
3.00,45.00,0.62,0.56,0.61,17.00
3.00,50.00,0.62,0.55,0.63,17.00
3.00,55.00,0.62,0.54,0.65,17.00
3.00,60.00,0.62,0.54,0.67,17.00
3.00,65.00,0.61,0.54,0.68,17.00
3.00,70.00,0.61,0.53,0.69,17.00
3.00,75.00,0.61,0.53,0.70,17.00
3.00,80.00,0.60,0.53,0.70,17.00
3.00,85.00,0.60,0.53,0.71,17.00
3.00,90.00,0.59,0.52,0.71,17.00
3.00,95.00,0.59,0.52,0.71,17.00
3.00,100.00,0.58,0.51,0.71,17.00
3.00,105.00,0.58,0.51,0.71,17.00
3.00,5.00,0.16,0.41,0.01,18.00
3.00,10.00,0.25,0.53,0.15,18.00
3.00,15.00,0.34,0.55,0.23,18.00
3.00,20.00,0.37,0.49,0.31,18.00
3.00,25.00,0.42,0.50,0.39,18.00
3.00,30.00,0.47,0.47,0.44,18.00
3.00,35.00,0.52,0.47,0.49,18.00
3.00,40.00,0.53,0.46,0.52,18.00
3.00,45.00,0.55,0.45,0.55,18.00
3.00,50.00,0.55,0.44,0.58,18.00
3.00,55.00,0.55,0.44,0.60,18.00
3.00,60.00,0.56,0.45,0.62,18.00
3.00,65.00,0.56,0.44,0.63,18.00
3.00,70.00,0.56,0.44,0.65,18.00
3.00,75.00,0.56,0.44,0.66,18.00
3.00,80.00,0.56,0.44,0.67,18.00
3.00,85.00,0.56,0.44,0.68,18.00
3.00,90.00,0.57,0.45,0.69,18.00
3.00,95.00,0.56,0.45,0.70,18.00
3.00,100.00,0.56,0.45,0.70,18.00
3.00,105.00,0.56,0.45,0.70,18.00
3.00,5.00,0.09,0.55,0.00,19.00
3.00,10.00,0.16,0.57,0.12,19.00
3.00,15.00,0.29,0.51,0.23,19.00
3.00,20.00,0.31,0.47,0.31,19.00
3.00,25.00,0.37,0.45,0.38,19.00
3.00,30.00,0.42,0.44,0.42,19.00
3.00,35.00,0.46,0.44,0.46,19.00
3.00,40.00,0.50,0.43,0.50,19.00
3.00,45.00,0.52,0.44,0.53,19.00
3.00,50.00,0.53,0.44,0.57,19.00
3.00,55.00,0.54,0.44,0.59,19.00
3.00,60.00,0.55,0.44,0.61,19.00
3.00,65.00,0.55,0.45,0.62,19.00
3.00,70.00,0.56,0.46,0.64,19.00
3.00,75.00,0.56,0.46,0.65,19.00
3.00,80.00,0.57,0.47,0.66,19.00
3.00,85.00,0.56,0.47,0.67,19.00
3.00,90.00,0.57,0.47,0.68,19.00
3.00,95.00,0.56,0.47,0.68,19.00
3.00,100.00,0.56,0.47,0.69,19.00
3.00,105.00,0.56,0.47,0.69,19.00
4.00,5.00,0.06,0.11,0.00,0.00
4.00,10.00,0.14,0.27,0.07,0.00
4.00,15.00,0.20,0.33,0.16,0.00
4.00,20.00,0.24,0.37,0.24,0.00
4.00,25.00,0.30,0.40,0.32,0.00
4.00,30.00,0.35,0.42,0.36,0.00
4.00,35.00,0.40,0.44,0.41,0.00
4.00,40.00,0.43,0.46,0.44,0.00
4.00,45.00,0.45,0.48,0.47,0.00
4.00,50.00,0.46,0.48,0.49,0.00
4.00,55.00,0.46,0.48,0.50,0.00
4.00,60.00,0.46,0.49,0.52,0.00
4.00,65.00,0.47,0.49,0.53,0.00
4.00,70.00,0.47,0.50,0.54,0.00
4.00,75.00,0.47,0.50,0.55,0.00
4.00,80.00,0.47,0.50,0.56,0.00
4.00,85.00,0.47,0.50,0.56,0.00
4.00,90.00,0.47,0.51,0.57,0.00
4.00,95.00,0.47,0.51,0.57,0.00
4.00,100.00,0.46,0.50,0.56,0.00
4.00,105.00,0.46,0.51,0.56,0.00
4.00,5.00,0.10,0.21,0.00,1.00
4.00,10.00,0.12,0.26,0.08,1.00
4.00,15.00,0.18,0.30,0.18,1.00
4.00,20.00,0.23,0.34,0.25,1.00
4.00,25.00,0.30,0.38,0.34,1.00
4.00,30.00,0.36,0.40,0.38,1.00
4.00,35.00,0.40,0.40,0.41,1.00
4.00,40.00,0.43,0.42,0.44,1.00
4.00,45.00,0.46,0.44,0.48,1.00
4.00,50.00,0.48,0.45,0.51,1.00
4.00,55.00,0.49,0.45,0.53,1.00
4.00,60.00,0.49,0.45,0.54,1.00
4.00,65.00,0.51,0.45,0.56,1.00
4.00,70.00,0.51,0.45,0.57,1.00
4.00,75.00,0.51,0.45,0.58,1.00
4.00,80.00,0.51,0.44,0.58,1.00
4.00,85.00,0.51,0.44,0.59,1.00
4.00,90.00,0.50,0.44,0.59,1.00
4.00,95.00,0.50,0.44,0.58,1.00
4.00,100.00,0.49,0.43,0.58,1.00
4.00,105.00,0.49,0.43,0.58,1.00
4.00,5.00,0.18,0.61,0.01,2.00
4.00,10.00,0.28,0.53,0.16,2.00
4.00,15.00,0.33,0.54,0.26,2.00
4.00,20.00,0.38,0.52,0.33,2.00
4.00,25.00,0.40,0.50,0.40,2.00
4.00,30.00,0.44,0.50,0.44,2.00
4.00,35.00,0.48,0.50,0.47,2.00
4.00,40.00,0.50,0.50,0.50,2.00
4.00,45.00,0.52,0.50,0.53,2.00
4.00,50.00,0.52,0.51,0.55,2.00
4.00,55.00,0.53,0.51,0.57,2.00
4.00,60.00,0.54,0.52,0.59,2.00
4.00,65.00,0.53,0.53,0.60,2.00
4.00,70.00,0.53,0.53,0.60,2.00
4.00,75.00,0.52,0.53,0.61,2.00
4.00,80.00,0.52,0.53,0.60,2.00
4.00,85.00,0.52,0.53,0.61,2.00
4.00,90.00,0.52,0.53,0.61,2.00
4.00,95.00,0.51,0.52,0.61,2.00
4.00,100.00,0.51,0.52,0.61,2.00
4.00,105.00,0.50,0.52,0.60,2.00
4.00,5.00,0.05,0.10,0.00,3.00
4.00,10.00,0.13,0.25,0.06,3.00
4.00,15.00,0.21,0.31,0.17,3.00
4.00,20.00,0.25,0.34,0.23,3.00
4.00,25.00,0.31,0.39,0.32,3.00
4.00,30.00,0.35,0.40,0.37,3.00
4.00,35.00,0.40,0.42,0.41,3.00
4.00,40.00,0.43,0.44,0.44,3.00
4.00,45.00,0.45,0.46,0.46,3.00
4.00,50.00,0.45,0.46,0.49,3.00
4.00,55.00,0.46,0.47,0.50,3.00
4.00,60.00,0.47,0.48,0.52,3.00
4.00,65.00,0.47,0.48,0.53,3.00
4.00,70.00,0.47,0.49,0.54,3.00
4.00,75.00,0.48,0.49,0.55,3.00
4.00,80.00,0.48,0.50,0.56,3.00
4.00,85.00,0.48,0.50,0.56,3.00
4.00,90.00,0.47,0.50,0.57,3.00
4.00,95.00,0.47,0.50,0.56,3.00
4.00,100.00,0.46,0.50,0.56,3.00
4.00,105.00,0.46,0.50,0.56,3.00
4.00,5.00,0.10,0.22,0.00,4.00
4.00,10.00,0.12,0.26,0.07,4.00
4.00,15.00,0.16,0.31,0.17,4.00
4.00,20.00,0.23,0.35,0.25,4.00
4.00,25.00,0.31,0.38,0.34,4.00
4.00,30.00,0.38,0.40,0.39,4.00
4.00,35.00,0.41,0.40,0.42,4.00
4.00,40.00,0.44,0.42,0.45,4.00
4.00,45.00,0.45,0.43,0.47,4.00
4.00,50.00,0.48,0.45,0.50,4.00
4.00,55.00,0.49,0.45,0.53,4.00
4.00,60.00,0.50,0.46,0.54,4.00
4.00,65.00,0.51,0.45,0.56,4.00
4.00,70.00,0.51,0.45,0.57,4.00
4.00,75.00,0.51,0.45,0.58,4.00
4.00,80.00,0.51,0.44,0.58,4.00
4.00,85.00,0.51,0.44,0.59,4.00
4.00,90.00,0.51,0.44,0.59,4.00
4.00,95.00,0.50,0.44,0.59,4.00
4.00,100.00,0.49,0.43,0.58,4.00
4.00,105.00,0.49,0.43,0.58,4.00
4.00,5.00,0.26,0.61,0.01,5.00
4.00,10.00,0.28,0.55,0.16,5.00
4.00,15.00,0.34,0.55,0.27,5.00
4.00,20.00,0.37,0.51,0.33,5.00
4.00,25.00,0.40,0.50,0.40,5.00
4.00,30.00,0.45,0.50,0.44,5.00
4.00,35.00,0.49,0.50,0.48,5.00
4.00,40.00,0.50,0.50,0.50,5.00
4.00,45.00,0.52,0.50,0.53,5.00
4.00,50.00,0.53,0.51,0.55,5.00
4.00,55.00,0.53,0.51,0.57,5.00
4.00,60.00,0.54,0.52,0.58,5.00
4.00,65.00,0.54,0.53,0.60,5.00
4.00,70.00,0.53,0.53,0.60,5.00
4.00,75.00,0.53,0.53,0.61,5.00
4.00,80.00,0.52,0.52,0.60,5.00
4.00,85.00,0.52,0.52,0.61,5.00
4.00,90.00,0.52,0.52,0.61,5.00
4.00,95.00,0.52,0.52,0.61,5.00
4.00,100.00,0.51,0.52,0.60,5.00
4.00,105.00,0.51,0.52,0.60,5.00
4.00,5.00,0.06,0.13,0.00,6.00
4.00,10.00,0.14,0.24,0.06,6.00
4.00,15.00,0.19,0.29,0.16,6.00
4.00,20.00,0.25,0.34,0.24,6.00
4.00,25.00,0.30,0.38,0.32,6.00
4.00,30.00,0.35,0.39,0.37,6.00
4.00,35.00,0.39,0.42,0.41,6.00
4.00,40.00,0.43,0.45,0.44,6.00
4.00,45.00,0.43,0.45,0.46,6.00
4.00,50.00,0.45,0.46,0.48,6.00
4.00,55.00,0.45,0.46,0.50,6.00
4.00,60.00,0.47,0.48,0.52,6.00
4.00,65.00,0.47,0.48,0.53,6.00
4.00,70.00,0.47,0.49,0.55,6.00
4.00,75.00,0.47,0.49,0.55,6.00
4.00,80.00,0.48,0.50,0.56,6.00
4.00,85.00,0.48,0.50,0.56,6.00
4.00,90.00,0.48,0.50,0.57,6.00
4.00,95.00,0.47,0.50,0.56,6.00
4.00,100.00,0.46,0.50,0.56,6.00
4.00,105.00,0.46,0.50,0.56,6.00
4.00,5.00,0.10,0.22,0.00,7.00
4.00,10.00,0.11,0.26,0.07,7.00
4.00,15.00,0.18,0.32,0.19,7.00
4.00,20.00,0.23,0.35,0.25,7.00
4.00,25.00,0.30,0.38,0.33,7.00
4.00,30.00,0.38,0.40,0.39,7.00
4.00,35.00,0.42,0.41,0.42,7.00
4.00,40.00,0.44,0.42,0.45,7.00
4.00,45.00,0.46,0.43,0.47,7.00
4.00,50.00,0.48,0.45,0.50,7.00
4.00,55.00,0.50,0.46,0.53,7.00
4.00,60.00,0.50,0.46,0.54,7.00
4.00,65.00,0.51,0.46,0.55,7.00
4.00,70.00,0.51,0.46,0.57,7.00
4.00,75.00,0.51,0.45,0.58,7.00
4.00,80.00,0.51,0.45,0.58,7.00
4.00,85.00,0.51,0.45,0.58,7.00
4.00,90.00,0.51,0.44,0.59,7.00
4.00,95.00,0.50,0.44,0.59,7.00
4.00,100.00,0.49,0.44,0.58,7.00
4.00,105.00,0.49,0.43,0.58,7.00
4.00,5.00,0.25,0.62,0.01,8.00
4.00,10.00,0.27,0.55,0.15,8.00
4.00,15.00,0.33,0.54,0.27,8.00
4.00,20.00,0.37,0.51,0.33,8.00
4.00,25.00,0.40,0.50,0.40,8.00
4.00,30.00,0.45,0.50,0.44,8.00
4.00,35.00,0.48,0.51,0.48,8.00
4.00,40.00,0.50,0.50,0.50,8.00
4.00,45.00,0.52,0.50,0.52,8.00
4.00,50.00,0.52,0.51,0.55,8.00
4.00,55.00,0.53,0.51,0.57,8.00
4.00,60.00,0.53,0.51,0.58,8.00
4.00,65.00,0.54,0.52,0.60,8.00
4.00,70.00,0.53,0.52,0.60,8.00
4.00,75.00,0.52,0.52,0.61,8.00
4.00,80.00,0.52,0.52,0.60,8.00
4.00,85.00,0.52,0.52,0.61,8.00
4.00,90.00,0.52,0.52,0.61,8.00
4.00,95.00,0.52,0.52,0.61,8.00
4.00,100.00,0.51,0.52,0.61,8.00
4.00,105.00,0.51,0.52,0.60,8.00
4.00,5.00,0.05,0.10,0.00,9.00
4.00,10.00,0.13,0.25,0.08,9.00
4.00,15.00,0.19,0.30,0.15,9.00
4.00,20.00,0.23,0.34,0.24,9.00
4.00,25.00,0.28,0.36,0.31,9.00
4.00,30.00,0.34,0.38,0.36,9.00
4.00,35.00,0.40,0.41,0.41,9.00
4.00,40.00,0.43,0.44,0.45,9.00
4.00,45.00,0.45,0.45,0.47,9.00
4.00,50.00,0.46,0.46,0.50,9.00
4.00,55.00,0.46,0.46,0.51,9.00
4.00,60.00,0.47,0.47,0.53,9.00
4.00,65.00,0.47,0.48,0.54,9.00
4.00,70.00,0.47,0.49,0.55,9.00
4.00,75.00,0.47,0.49,0.56,9.00
4.00,80.00,0.47,0.50,0.56,9.00
4.00,85.00,0.47,0.50,0.57,9.00
4.00,90.00,0.47,0.50,0.57,9.00
4.00,95.00,0.47,0.50,0.57,9.00
4.00,100.00,0.46,0.50,0.56,9.00
4.00,105.00,0.46,0.50,0.57,9.00
4.00,5.00,0.10,0.21,0.00,10.00
4.00,10.00,0.11,0.25,0.08,10.00
4.00,15.00,0.17,0.28,0.17,10.00
4.00,20.00,0.23,0.33,0.25,10.00
4.00,25.00,0.30,0.37,0.34,10.00
4.00,30.00,0.36,0.38,0.38,10.00
4.00,35.00,0.40,0.39,0.41,10.00
4.00,40.00,0.43,0.41,0.45,10.00
4.00,45.00,0.46,0.43,0.48,10.00
4.00,50.00,0.48,0.44,0.51,10.00
4.00,55.00,0.49,0.45,0.54,10.00
4.00,60.00,0.49,0.45,0.55,10.00
4.00,65.00,0.50,0.44,0.56,10.00
4.00,70.00,0.50,0.44,0.57,10.00
4.00,75.00,0.51,0.44,0.58,10.00
4.00,80.00,0.51,0.44,0.59,10.00
4.00,85.00,0.51,0.43,0.59,10.00
4.00,90.00,0.50,0.43,0.59,10.00
4.00,95.00,0.49,0.43,0.59,10.00
4.00,100.00,0.49,0.42,0.59,10.00
4.00,105.00,0.48,0.42,0.58,10.00
4.00,5.00,0.21,0.58,0.01,11.00
4.00,10.00,0.28,0.54,0.16,11.00
4.00,15.00,0.33,0.51,0.26,11.00
4.00,20.00,0.38,0.51,0.35,11.00
4.00,25.00,0.40,0.49,0.40,11.00
4.00,30.00,0.44,0.49,0.44,11.00
4.00,35.00,0.48,0.49,0.47,11.00
4.00,40.00,0.50,0.48,0.50,11.00
4.00,45.00,0.52,0.49,0.53,11.00
4.00,50.00,0.52,0.50,0.55,11.00
4.00,55.00,0.53,0.50,0.57,11.00
4.00,60.00,0.54,0.51,0.59,11.00
4.00,65.00,0.53,0.51,0.59,11.00
4.00,70.00,0.53,0.52,0.60,11.00
4.00,75.00,0.52,0.51,0.61,11.00
4.00,80.00,0.52,0.51,0.60,11.00
4.00,85.00,0.51,0.51,0.61,11.00
4.00,90.00,0.51,0.51,0.61,11.00
4.00,95.00,0.50,0.51,0.61,11.00
4.00,100.00,0.50,0.51,0.61,11.00
4.00,105.00,0.50,0.51,0.60,11.00
4.00,5.00,0.06,0.08,0.00,12.00
4.00,10.00,0.13,0.24,0.07,12.00
4.00,15.00,0.20,0.29,0.16,12.00
4.00,20.00,0.24,0.33,0.23,12.00
4.00,25.00,0.29,0.35,0.31,12.00
4.00,30.00,0.34,0.38,0.36,12.00
4.00,35.00,0.39,0.40,0.41,12.00
4.00,40.00,0.43,0.43,0.45,12.00
4.00,45.00,0.45,0.44,0.47,12.00
4.00,50.00,0.45,0.45,0.49,12.00
4.00,55.00,0.46,0.46,0.51,12.00
4.00,60.00,0.47,0.47,0.53,12.00
4.00,65.00,0.47,0.47,0.53,12.00
4.00,70.00,0.47,0.49,0.55,12.00
4.00,75.00,0.47,0.49,0.56,12.00
4.00,80.00,0.47,0.49,0.56,12.00
4.00,85.00,0.47,0.50,0.56,12.00
4.00,90.00,0.47,0.50,0.57,12.00
4.00,95.00,0.47,0.50,0.57,12.00
4.00,100.00,0.46,0.50,0.56,12.00
4.00,105.00,0.46,0.50,0.57,12.00
4.00,5.00,0.09,0.21,0.00,13.00
4.00,10.00,0.12,0.25,0.08,13.00
4.00,15.00,0.17,0.29,0.17,13.00
4.00,20.00,0.23,0.33,0.25,13.00
4.00,25.00,0.31,0.37,0.34,13.00
4.00,30.00,0.37,0.38,0.39,13.00
4.00,35.00,0.41,0.40,0.42,13.00
4.00,40.00,0.44,0.41,0.45,13.00
4.00,45.00,0.45,0.43,0.48,13.00
4.00,50.00,0.48,0.44,0.51,13.00
4.00,55.00,0.49,0.45,0.54,13.00
4.00,60.00,0.50,0.45,0.55,13.00
4.00,65.00,0.50,0.45,0.56,13.00
4.00,70.00,0.50,0.44,0.57,13.00
4.00,75.00,0.51,0.44,0.58,13.00
4.00,80.00,0.50,0.44,0.59,13.00
4.00,85.00,0.51,0.44,0.59,13.00
4.00,90.00,0.50,0.44,0.59,13.00
4.00,95.00,0.49,0.43,0.59,13.00
4.00,100.00,0.49,0.43,0.59,13.00
4.00,105.00,0.48,0.42,0.58,13.00
4.00,5.00,0.26,0.59,0.01,14.00
4.00,10.00,0.29,0.56,0.15,14.00
4.00,15.00,0.34,0.52,0.27,14.00
4.00,20.00,0.38,0.51,0.34,14.00
4.00,25.00,0.40,0.49,0.40,14.00
4.00,30.00,0.46,0.48,0.44,14.00
4.00,35.00,0.50,0.49,0.47,14.00
4.00,40.00,0.51,0.49,0.50,14.00
4.00,45.00,0.52,0.49,0.53,14.00
4.00,50.00,0.53,0.50,0.55,14.00
4.00,55.00,0.54,0.50,0.57,14.00
4.00,60.00,0.54,0.51,0.59,14.00
4.00,65.00,0.53,0.51,0.59,14.00
4.00,70.00,0.53,0.51,0.60,14.00
4.00,75.00,0.52,0.51,0.60,14.00
4.00,80.00,0.52,0.51,0.60,14.00
4.00,85.00,0.52,0.51,0.61,14.00
4.00,90.00,0.51,0.51,0.61,14.00
4.00,95.00,0.51,0.51,0.61,14.00
4.00,100.00,0.50,0.51,0.61,14.00
4.00,105.00,0.50,0.51,0.60,14.00
4.00,5.00,0.06,0.09,0.00,15.00
4.00,10.00,0.13,0.24,0.07,15.00
4.00,15.00,0.19,0.27,0.16,15.00
4.00,20.00,0.24,0.32,0.24,15.00
4.00,25.00,0.29,0.36,0.31,15.00
4.00,30.00,0.34,0.37,0.36,15.00
4.00,35.00,0.39,0.40,0.41,15.00
4.00,40.00,0.43,0.42,0.45,15.00
4.00,45.00,0.44,0.44,0.47,15.00
4.00,50.00,0.45,0.44,0.49,15.00
4.00,55.00,0.46,0.45,0.51,15.00
4.00,60.00,0.47,0.47,0.53,15.00
4.00,65.00,0.47,0.47,0.54,15.00
4.00,70.00,0.48,0.48,0.55,15.00
4.00,75.00,0.48,0.48,0.56,15.00
4.00,80.00,0.48,0.49,0.56,15.00
4.00,85.00,0.47,0.49,0.56,15.00
4.00,90.00,0.48,0.50,0.57,15.00
4.00,95.00,0.47,0.49,0.57,15.00
4.00,100.00,0.46,0.49,0.56,15.00
4.00,105.00,0.46,0.49,0.57,15.00
4.00,5.00,0.10,0.21,0.00,16.00
4.00,10.00,0.11,0.25,0.07,16.00
4.00,15.00,0.18,0.30,0.19,16.00
4.00,20.00,0.23,0.34,0.26,16.00
4.00,25.00,0.30,0.37,0.34,16.00
4.00,30.00,0.38,0.38,0.39,16.00
4.00,35.00,0.41,0.40,0.42,16.00
4.00,40.00,0.44,0.41,0.45,16.00
4.00,45.00,0.46,0.43,0.48,16.00
4.00,50.00,0.48,0.45,0.51,16.00
4.00,55.00,0.49,0.46,0.54,16.00
4.00,60.00,0.50,0.45,0.55,16.00
4.00,65.00,0.51,0.45,0.56,16.00
4.00,70.00,0.51,0.45,0.57,16.00
4.00,75.00,0.51,0.45,0.58,16.00
4.00,80.00,0.51,0.44,0.58,16.00
4.00,85.00,0.51,0.44,0.59,16.00
4.00,90.00,0.51,0.44,0.59,16.00
4.00,95.00,0.50,0.44,0.59,16.00
4.00,100.00,0.49,0.43,0.59,16.00
4.00,105.00,0.49,0.43,0.58,16.00
4.00,5.00,0.23,0.57,0.01,17.00
4.00,10.00,0.27,0.57,0.14,17.00
4.00,15.00,0.32,0.53,0.25,17.00
4.00,20.00,0.37,0.50,0.34,17.00
4.00,25.00,0.40,0.49,0.40,17.00
4.00,30.00,0.45,0.49,0.44,17.00
4.00,35.00,0.49,0.49,0.48,17.00
4.00,40.00,0.50,0.48,0.50,17.00
4.00,45.00,0.52,0.49,0.53,17.00
4.00,50.00,0.52,0.49,0.55,17.00
4.00,55.00,0.53,0.50,0.57,17.00
4.00,60.00,0.54,0.51,0.58,17.00
4.00,65.00,0.53,0.51,0.60,17.00
4.00,70.00,0.53,0.52,0.60,17.00
4.00,75.00,0.52,0.52,0.61,17.00
4.00,80.00,0.52,0.51,0.60,17.00
4.00,85.00,0.52,0.51,0.61,17.00
4.00,90.00,0.51,0.52,0.61,17.00
4.00,95.00,0.51,0.51,0.61,17.00
4.00,100.00,0.51,0.51,0.61,17.00
4.00,105.00,0.50,0.51,0.60,17.00
4.00,5.00,0.05,0.10,0.00,18.00
4.00,10.00,0.14,0.29,0.08,18.00
4.00,15.00,0.20,0.32,0.15,18.00
4.00,20.00,0.25,0.36,0.24,18.00
4.00,25.00,0.28,0.38,0.30,18.00
4.00,30.00,0.35,0.41,0.36,18.00
4.00,35.00,0.41,0.44,0.41,18.00
4.00,40.00,0.45,0.46,0.45,18.00
4.00,45.00,0.47,0.47,0.48,18.00
4.00,50.00,0.48,0.49,0.51,18.00
4.00,55.00,0.48,0.49,0.52,18.00
4.00,60.00,0.48,0.50,0.53,18.00
4.00,65.00,0.49,0.50,0.54,18.00
4.00,70.00,0.49,0.51,0.55,18.00
4.00,75.00,0.49,0.51,0.56,18.00
4.00,80.00,0.49,0.51,0.57,18.00
4.00,85.00,0.49,0.51,0.57,18.00
4.00,90.00,0.49,0.51,0.58,18.00
4.00,95.00,0.48,0.51,0.57,18.00
4.00,100.00,0.47,0.51,0.57,18.00
4.00,105.00,0.47,0.51,0.57,18.00
4.00,5.00,0.09,0.22,0.00,19.00
4.00,10.00,0.12,0.25,0.07,19.00
4.00,15.00,0.18,0.31,0.17,19.00
4.00,20.00,0.23,0.34,0.25,19.00
4.00,25.00,0.31,0.39,0.34,19.00
4.00,30.00,0.37,0.39,0.38,19.00
4.00,35.00,0.40,0.40,0.41,19.00
4.00,40.00,0.44,0.42,0.45,19.00
4.00,45.00,0.47,0.44,0.49,19.00
4.00,50.00,0.49,0.46,0.51,19.00
4.00,55.00,0.50,0.46,0.54,19.00
4.00,60.00,0.50,0.45,0.55,19.00
4.00,65.00,0.51,0.45,0.56,19.00
4.00,70.00,0.51,0.45,0.57,19.00
4.00,75.00,0.51,0.44,0.58,19.00
4.00,80.00,0.51,0.44,0.59,19.00
4.00,85.00,0.51,0.44,0.59,19.00
4.00,90.00,0.51,0.44,0.59,19.00
4.00,95.00,0.50,0.43,0.59,19.00
4.00,100.00,0.49,0.43,0.59,19.00
4.00,105.00,0.49,0.43,0.59,19.00